[    1527ms] [ERROR] Failed to load resource: the server responded with a status of 404 (Not Found) @ http://localhost:5175/favicon.ico:0
[  467500ms] [ERROR] [ImageProcessor] Erro no pipeline: TypeError: cv.createCLAHE is not a function
    at ImageProcessor.preprocess (http://localhost:5175/src/lib/image-processing/ImageProcessor.ts?t=1778363719825:344:24)
    at http://localhost:5175/src/hooks/useImageProcessor.ts?t=1778363719825:29:49
    at http://localhost:5175/src/pages/TestPage.tsx?t=1778363719825:67:30
    at withLogCapture (http://localhost:5175/src/pages/TestPage.tsx?t=1778363719825:42:12)
    at img.onload (http://localhost:5175/src/pages/TestPage.tsx?t=1778363719825:65:7) @ http://localhost:5175/src/lib/image-processing/ImageProcessor.ts?t=1778363719825:383
[  868537ms] [ERROR] Failed to load resource: net::ERR_CONNECTION_REFUSED @ http://localhost:5175/:0
[  871884ms] [ERROR] Failed to load resource: net::ERR_CONNECTION_REFUSED @ http://localhost:5175/:0
[  875255ms] [ERROR] Failed to load resource: net::ERR_CONNECTION_REFUSED @ http://localhost:5175/:0
[  878613ms] [ERROR] Failed to load resource: net::ERR_CONNECTION_REFUSED @ http://localhost:5175/:0
[  881952ms] [ERROR] Failed to load resource: net::ERR_CONNECTION_REFUSED @ http://localhost:5175/:0
[  885289ms] [ERROR] Failed to load resource: net::ERR_CONNECTION_REFUSED @ http://localhost:5175/:0
[  888640ms] [ERROR] Failed to load resource: net::ERR_CONNECTION_REFUSED @ http://localhost:5175/:0
[  892013ms] [ERROR] Failed to load resource: net::ERR_CONNECTION_REFUSED @ http://localhost:5175/:0
[  895360ms] [ERROR] Failed to load resource: net::ERR_CONNECTION_REFUSED @ http://localhost:5175/:0
[  898714ms] [ERROR] Failed to load resource: net::ERR_CONNECTION_REFUSED @ http://localhost:5175/:0
[  902102ms] [ERROR] Failed to load resource: net::ERR_CONNECTION_REFUSED @ http://localhost:5175/:0
[  905457ms] [ERROR] Failed to load resource: net::ERR_CONNECTION_REFUSED @ http://localhost:5175/:0
[  908792ms] [ERROR] Failed to load resource: net::ERR_CONNECTION_REFUSED @ http://localhost:5175/:0
[  912140ms] [ERROR] Failed to load resource: net::ERR_CONNECTION_REFUSED @ http://localhost:5175/:0
[  915475ms] [ERROR] Failed to load resource: net::ERR_CONNECTION_REFUSED @ http://localhost:5175/:0
[  918838ms] [ERROR] Failed to load resource: net::ERR_CONNECTION_REFUSED @ http://localhost:5175/:0
[  922158ms] [ERROR] Failed to load resource: net::ERR_CONNECTION_REFUSED @ http://localhost:5175/:0
[  925516ms] [ERROR] Failed to load resource: net::ERR_CONNECTION_REFUSED @ http://localhost:5175/:0
[  928856ms] [ERROR] Failed to load resource: net::ERR_CONNECTION_REFUSED @ http://localhost:5175/:0
[  932203ms] [ERROR] Failed to load resource: net::ERR_CONNECTION_REFUSED @ http://localhost:5175/:0
[  935555ms] [ERROR] Failed to load resource: net::ERR_CONNECTION_REFUSED @ http://localhost:5175/:0
[  938958ms] [ERROR] Failed to load resource: net::ERR_CONNECTION_REFUSED @ http://localhost:5175/:0
[  942307ms] [ERROR] Failed to load resource: net::ERR_CONNECTION_REFUSED @ http://localhost:5175/:0
[  945682ms] [ERROR] Failed to load resource: net::ERR_CONNECTION_REFUSED @ http://localhost:5175/:0
[  949017ms] [ERROR] Failed to load resource: net::ERR_CONNECTION_REFUSED @ http://localhost:5175/:0
[  952355ms] [ERROR] Failed to load resource: net::ERR_CONNECTION_REFUSED @ http://localhost:5175/:0
[  955710ms] [ERROR] Failed to load resource: net::ERR_CONNECTION_REFUSED @ http://localhost:5175/:0
[  959055ms] [ERROR] Failed to load resource: net::ERR_CONNECTION_REFUSED @ http://localhost:5175/:0
[  962388ms] [ERROR] Failed to load resource: net::ERR_CONNECTION_REFUSED @ http://localhost:5175/:0
[  965767ms] [ERROR] Failed to load resource: net::ERR_CONNECTION_REFUSED @ http://localhost:5175/:0
[  969100ms] [ERROR] Failed to load resource: net::ERR_CONNECTION_REFUSED @ http://localhost:5175/:0
[  972438ms] [ERROR] Failed to load resource: net::ERR_CONNECTION_REFUSED @ http://localhost:5175/:0
[  975808ms] [ERROR] Failed to load resource: net::ERR_CONNECTION_REFUSED @ http://localhost:5175/:0
[  979170ms] [ERROR] Failed to load resource: net::ERR_CONNECTION_REFUSED @ http://localhost:5175/:0
[  982521ms] [ERROR] Failed to load resource: net::ERR_CONNECTION_REFUSED @ http://localhost:5175/:0
[  985890ms] [ERROR] Failed to load resource: net::ERR_CONNECTION_REFUSED @ http://localhost:5175/:0
[  989246ms] [ERROR] Failed to load resource: net::ERR_CONNECTION_REFUSED @ http://localhost:5175/:0
[  992588ms] [ERROR] Failed to load resource: net::ERR_CONNECTION_REFUSED @ http://localhost:5175/:0
[  995922ms] [ERROR] Failed to load resource: net::ERR_CONNECTION_REFUSED @ http://localhost:5175/:0
[  999270ms] [ERROR] Failed to load resource: net::ERR_CONNECTION_REFUSED @ http://localhost:5175/:0
[ 1002612ms] [ERROR] Failed to load resource: net::ERR_CONNECTION_REFUSED @ http://localhost:5175/:0
[ 1005954ms] [ERROR] Failed to load resource: net::ERR_CONNECTION_REFUSED @ http://localhost:5175/:0
[ 1009288ms] [ERROR] Failed to load resource: net::ERR_CONNECTION_REFUSED @ http://localhost:5175/:0
[ 1012639ms] [ERROR] Failed to load resource: net::ERR_CONNECTION_REFUSED @ http://localhost:5175/:0
[ 1015988ms] [ERROR] Failed to load resource: net::ERR_CONNECTION_REFUSED @ http://localhost:5175/:0
[ 1019321ms] [ERROR] Failed to load resource: net::ERR_CONNECTION_REFUSED @ http://localhost:5175/:0
[ 1022655ms] [ERROR] Failed to load resource: net::ERR_CONNECTION_REFUSED @ http://localhost:5175/:0
[ 1026004ms] [ERROR] Failed to load resource: net::ERR_CONNECTION_REFUSED @ http://localhost:5175/:0
[ 1029336ms] [ERROR] Failed to load resource: net::ERR_CONNECTION_REFUSED @ http://localhost:5175/:0
[ 1032686ms] [ERROR] Failed to load resource: net::ERR_CONNECTION_REFUSED @ http://localhost:5175/:0
[ 1036005ms] [ERROR] Failed to load resource: net::ERR_CONNECTION_REFUSED @ http://localhost:5175/:0
[ 1039354ms] [ERROR] Failed to load resource: net::ERR_CONNECTION_REFUSED @ http://localhost:5175/:0
[ 1042705ms] [ERROR] Failed to load resource: net::ERR_CONNECTION_REFUSED @ http://localhost:5175/:0
[ 1046053ms] [ERROR] Failed to load resource: net::ERR_CONNECTION_REFUSED @ http://localhost:5175/:0
[ 1049403ms] [ERROR] Failed to load resource: net::ERR_CONNECTION_REFUSED @ http://localhost:5175/:0
[ 1052738ms] [ERROR] Failed to load resource: net::ERR_CONNECTION_REFUSED @ http://localhost:5175/:0
[ 1056085ms] [ERROR] Failed to load resource: net::ERR_CONNECTION_REFUSED @ http://localhost:5175/:0
[ 1059454ms] [ERROR] Failed to load resource: net::ERR_CONNECTION_REFUSED @ http://localhost:5175/:0
[ 1062786ms] [ERROR] Failed to load resource: net::ERR_CONNECTION_REFUSED @ http://localhost:5175/:0
[ 1066121ms] [ERROR] Failed to load resource: net::ERR_CONNECTION_REFUSED @ http://localhost:5175/:0
[ 1069456ms] [ERROR] Failed to load resource: net::ERR_CONNECTION_REFUSED @ http://localhost:5175/:0
[ 1072819ms] [ERROR] Failed to load resource: net::ERR_CONNECTION_REFUSED @ http://localhost:5175/:0
[ 1076154ms] [ERROR] Failed to load resource: net::ERR_CONNECTION_REFUSED @ http://localhost:5175/:0
[ 1079504ms] [ERROR] Failed to load resource: net::ERR_CONNECTION_REFUSED @ http://localhost:5175/:0
[ 1082853ms] [ERROR] Failed to load resource: net::ERR_CONNECTION_REFUSED @ http://localhost:5175/:0
[ 1086186ms] [ERROR] Failed to load resource: net::ERR_CONNECTION_REFUSED @ http://localhost:5175/:0
[ 1089537ms] [ERROR] Failed to load resource: net::ERR_CONNECTION_REFUSED @ http://localhost:5175/:0
[ 1092888ms] [ERROR] Failed to load resource: net::ERR_CONNECTION_REFUSED @ http://localhost:5175/:0
[ 1096221ms] [ERROR] Failed to load resource: net::ERR_CONNECTION_REFUSED @ http://localhost:5175/:0
[ 1099571ms] [ERROR] Failed to load resource: net::ERR_CONNECTION_REFUSED @ http://localhost:5175/:0
[ 1102919ms] [ERROR] Failed to load resource: net::ERR_CONNECTION_REFUSED @ http://localhost:5175/:0
[ 1106252ms] [ERROR] Failed to load resource: net::ERR_CONNECTION_REFUSED @ http://localhost:5175/:0
[ 1109571ms] [ERROR] Failed to load resource: net::ERR_CONNECTION_REFUSED @ http://localhost:5175/:0
[ 1112919ms] [ERROR] Failed to load resource: net::ERR_CONNECTION_REFUSED @ http://localhost:5175/:0
[ 1116270ms] [ERROR] Failed to load resource: net::ERR_CONNECTION_REFUSED @ http://localhost:5175/:0
[ 1119604ms] [ERROR] Failed to load resource: net::ERR_CONNECTION_REFUSED @ http://localhost:5175/:0
[ 1122954ms] [ERROR] Failed to load resource: net::ERR_CONNECTION_REFUSED @ http://localhost:5175/:0
[ 1126287ms] [ERROR] Failed to load resource: net::ERR_CONNECTION_REFUSED @ http://localhost:5175/:0
[ 1129668ms] [ERROR] Failed to load resource: net::ERR_CONNECTION_REFUSED @ http://localhost:5175/:0
[ 1133019ms] [ERROR] Failed to load resource: net::ERR_CONNECTION_REFUSED @ http://localhost:5175/:0
[ 1136369ms] [ERROR] Failed to load resource: net::ERR_CONNECTION_REFUSED @ http://localhost:5175/:0
[ 1139704ms] [ERROR] Failed to load resource: net::ERR_CONNECTION_REFUSED @ http://localhost:5175/:0
[ 1143052ms] [ERROR] Failed to load resource: net::ERR_CONNECTION_REFUSED @ http://localhost:5175/:0
[ 1146404ms] [ERROR] Failed to load resource: net::ERR_CONNECTION_REFUSED @ http://localhost:5175/:0
[ 1149768ms] [ERROR] Failed to load resource: net::ERR_CONNECTION_REFUSED @ http://localhost:5175/:0
[ 1153120ms] [ERROR] Failed to load resource: net::ERR_CONNECTION_REFUSED @ http://localhost:5175/:0
[ 1156485ms] [ERROR] Failed to load resource: net::ERR_CONNECTION_REFUSED @ http://localhost:5175/:0
[ 1159835ms] [ERROR] Failed to load resource: net::ERR_CONNECTION_REFUSED @ http://localhost:5175/:0
[ 1163185ms] [ERROR] Failed to load resource: net::ERR_CONNECTION_REFUSED @ http://localhost:5175/:0
[ 1166535ms] [ERROR] Failed to load resource: net::ERR_CONNECTION_REFUSED @ http://localhost:5175/:0
[ 1169880ms] [ERROR] Failed to load resource: net::ERR_CONNECTION_REFUSED @ http://localhost:5175/:0
[ 1173235ms] [ERROR] Failed to load resource: net::ERR_CONNECTION_REFUSED @ http://localhost:5175/:0
[ 1176603ms] [ERROR] Failed to load resource: net::ERR_CONNECTION_REFUSED @ http://localhost:5175/:0
[ 1179922ms] [ERROR] Failed to load resource: net::ERR_CONNECTION_REFUSED @ http://localhost:5175/:0
[ 1183282ms] [ERROR] Failed to load resource: net::ERR_CONNECTION_REFUSED @ http://localhost:5175/:0
[ 1186620ms] [ERROR] Failed to load resource: net::ERR_CONNECTION_REFUSED @ http://localhost:5175/:0
[ 1189960ms] [ERROR] Failed to load resource: net::ERR_CONNECTION_REFUSED @ http://localhost:5175/:0
[ 1193301ms] [ERROR] Failed to load resource: net::ERR_CONNECTION_REFUSED @ http://localhost:5175/:0
[ 1196635ms] [ERROR] Failed to load resource: net::ERR_CONNECTION_REFUSED @ http://localhost:5175/:0
[ 1199987ms] [ERROR] Failed to load resource: net::ERR_CONNECTION_REFUSED @ http://localhost:5175/:0
[ 1203318ms] [ERROR] Failed to load resource: net::ERR_CONNECTION_REFUSED @ http://localhost:5175/:0
[ 1206664ms] [ERROR] Failed to load resource: net::ERR_CONNECTION_REFUSED @ http://localhost:5175/:0
[ 1210017ms] [ERROR] Failed to load resource: net::ERR_CONNECTION_REFUSED @ http://localhost:5175/:0
[ 1213386ms] [ERROR] Failed to load resource: net::ERR_CONNECTION_REFUSED @ http://localhost:5175/:0
[ 1216718ms] [ERROR] Failed to load resource: net::ERR_CONNECTION_REFUSED @ http://localhost:5175/:0
[ 1220068ms] [ERROR] Failed to load resource: net::ERR_CONNECTION_REFUSED @ http://localhost:5175/:0
[ 1223401ms] [ERROR] Failed to load resource: net::ERR_CONNECTION_REFUSED @ http://localhost:5175/:0
[ 1226751ms] [ERROR] Failed to load resource: net::ERR_CONNECTION_REFUSED @ http://localhost:5175/:0
[ 1230099ms] [ERROR] Failed to load resource: net::ERR_CONNECTION_REFUSED @ http://localhost:5175/:0
[ 1233450ms] [ERROR] Failed to load resource: net::ERR_CONNECTION_REFUSED @ http://localhost:5175/:0
[ 1236798ms] [ERROR] Failed to load resource: net::ERR_CONNECTION_REFUSED @ http://localhost:5175/:0
[ 1240152ms] [ERROR] Failed to load resource: net::ERR_CONNECTION_REFUSED @ http://localhost:5175/:0
[ 1243502ms] [ERROR] Failed to load resource: net::ERR_CONNECTION_REFUSED @ http://localhost:5175/:0
[ 1246844ms] [ERROR] Failed to load resource: net::ERR_CONNECTION_REFUSED @ http://localhost:5175/:0
[ 1250171ms] [ERROR] Failed to load resource: net::ERR_CONNECTION_REFUSED @ http://localhost:5175/:0
[ 1253530ms] [ERROR] Failed to load resource: net::ERR_CONNECTION_REFUSED @ http://localhost:5175/:0
[ 1256854ms] [ERROR] Failed to load resource: net::ERR_CONNECTION_REFUSED @ http://localhost:5175/:0
[ 1260203ms] [ERROR] Failed to load resource: net::ERR_CONNECTION_REFUSED @ http://localhost:5175/:0
[ 1263561ms] [ERROR] Failed to load resource: net::ERR_CONNECTION_REFUSED @ http://localhost:5175/:0
[ 1266908ms] [ERROR] Failed to load resource: net::ERR_CONNECTION_REFUSED @ http://localhost:5175/:0
[ 1270250ms] [ERROR] Failed to load resource: net::ERR_CONNECTION_REFUSED @ http://localhost:5175/:0
[ 1273606ms] [ERROR] Failed to load resource: net::ERR_CONNECTION_REFUSED @ http://localhost:5175/:0
[ 1276949ms] [ERROR] Failed to load resource: net::ERR_CONNECTION_REFUSED @ http://localhost:5175/:0
[ 1280296ms] [ERROR] Failed to load resource: net::ERR_CONNECTION_REFUSED @ http://localhost:5175/:0
[ 1283660ms] [ERROR] Failed to load resource: net::ERR_CONNECTION_REFUSED @ http://localhost:5175/:0
[ 1287015ms] [ERROR] Failed to load resource: net::ERR_CONNECTION_REFUSED @ http://localhost:5175/:0
[ 1290364ms] [ERROR] Failed to load resource: net::ERR_CONNECTION_REFUSED @ http://localhost:5175/:0
[ 1293686ms] [ERROR] Failed to load resource: net::ERR_CONNECTION_REFUSED @ http://localhost:5175/:0
[ 1297043ms] [ERROR] Failed to load resource: net::ERR_CONNECTION_REFUSED @ http://localhost:5175/:0
[ 1300384ms] [ERROR] Failed to load resource: net::ERR_CONNECTION_REFUSED @ http://localhost:5175/:0
[ 1303744ms] [ERROR] Failed to load resource: net::ERR_CONNECTION_REFUSED @ http://localhost:5175/:0
[ 1307085ms] [ERROR] Failed to load resource: net::ERR_CONNECTION_REFUSED @ http://localhost:5175/:0
[ 1310436ms] [ERROR] Failed to load resource: net::ERR_CONNECTION_REFUSED @ http://localhost:5175/:0
[ 1313799ms] [ERROR] Failed to load resource: net::ERR_CONNECTION_REFUSED @ http://localhost:5175/:0
[ 1317134ms] [ERROR] Failed to load resource: net::ERR_CONNECTION_REFUSED @ http://localhost:5175/:0
[ 1320483ms] [ERROR] Failed to load resource: net::ERR_CONNECTION_REFUSED @ http://localhost:5175/:0
[ 1323834ms] [ERROR] Failed to load resource: net::ERR_CONNECTION_REFUSED @ http://localhost:5175/:0
[ 1327184ms] [ERROR] Failed to load resource: net::ERR_CONNECTION_REFUSED @ http://localhost:5175/:0
[ 1330537ms] [ERROR] Failed to load resource: net::ERR_CONNECTION_REFUSED @ http://localhost:5175/:0
[ 1333901ms] [ERROR] Failed to load resource: net::ERR_CONNECTION_REFUSED @ http://localhost:5175/:0
[ 1337250ms] [ERROR] Failed to load resource: net::ERR_CONNECTION_REFUSED @ http://localhost:5175/:0
[ 1340616ms] [ERROR] Failed to load resource: net::ERR_CONNECTION_REFUSED @ http://localhost:5175/:0
[ 1343981ms] [ERROR] Failed to load resource: net::ERR_CONNECTION_REFUSED @ http://localhost:5175/:0
[ 1347333ms] [ERROR] Failed to load resource: net::ERR_CONNECTION_REFUSED @ http://localhost:5175/:0
[ 1350678ms] [ERROR] Failed to load resource: net::ERR_CONNECTION_REFUSED @ http://localhost:5175/:0
[ 1354033ms] [ERROR] Failed to load resource: net::ERR_CONNECTION_REFUSED @ http://localhost:5175/:0
[ 1357376ms] [ERROR] Failed to load resource: net::ERR_CONNECTION_REFUSED @ http://localhost:5175/:0
[ 1360729ms] [ERROR] Failed to load resource: net::ERR_CONNECTION_REFUSED @ http://localhost:5175/:0
[ 1364062ms] [ERROR] Failed to load resource: net::ERR_CONNECTION_REFUSED @ http://localhost:5175/:0
[ 1367399ms] [ERROR] Failed to load resource: net::ERR_CONNECTION_REFUSED @ http://localhost:5175/:0
[ 1370751ms] [ERROR] Failed to load resource: net::ERR_CONNECTION_REFUSED @ http://localhost:5175/:0
[ 1374099ms] [ERROR] Failed to load resource: net::ERR_CONNECTION_REFUSED @ http://localhost:5175/:0
[ 1377435ms] [ERROR] Failed to load resource: net::ERR_CONNECTION_REFUSED @ http://localhost:5175/:0
[ 1380798ms] [ERROR] Failed to load resource: net::ERR_CONNECTION_REFUSED @ http://localhost:5175/:0
[ 1384138ms] [ERROR] Failed to load resource: net::ERR_CONNECTION_REFUSED @ http://localhost:5175/:0
[ 1387480ms] [ERROR] Failed to load resource: net::ERR_CONNECTION_REFUSED @ http://localhost:5175/:0
[ 1390826ms] [ERROR] Failed to load resource: net::ERR_CONNECTION_REFUSED @ http://localhost:5175/:0
[ 1394154ms] [ERROR] Failed to load resource: net::ERR_CONNECTION_REFUSED @ http://localhost:5175/:0
[ 1397517ms] [ERROR] Failed to load resource: net::ERR_CONNECTION_REFUSED @ http://localhost:5175/:0
[ 1400865ms] [ERROR] Failed to load resource: net::ERR_CONNECTION_REFUSED @ http://localhost:5175/:0
[ 1404231ms] [ERROR] Failed to load resource: net::ERR_CONNECTION_REFUSED @ http://localhost:5175/:0
[ 1407596ms] [ERROR] Failed to load resource: net::ERR_CONNECTION_REFUSED @ http://localhost:5175/:0
[ 1410938ms] [ERROR] Failed to load resource: net::ERR_CONNECTION_REFUSED @ http://localhost:5175/:0
[ 1414265ms] [ERROR] Failed to load resource: net::ERR_CONNECTION_REFUSED @ http://localhost:5175/:0
[ 1417616ms] [ERROR] Failed to load resource: net::ERR_CONNECTION_REFUSED @ http://localhost:5175/:0
[ 1420973ms] [ERROR] Failed to load resource: net::ERR_CONNECTION_REFUSED @ http://localhost:5175/:0
[ 1424312ms] [ERROR] Failed to load resource: net::ERR_CONNECTION_REFUSED @ http://localhost:5175/:0
[ 1427650ms] [ERROR] Failed to load resource: net::ERR_CONNECTION_REFUSED @ http://localhost:5175/:0
[ 1431000ms] [ERROR] Failed to load resource: net::ERR_CONNECTION_REFUSED @ http://localhost:5175/:0
[ 1434335ms] [ERROR] Failed to load resource: net::ERR_CONNECTION_REFUSED @ http://localhost:5175/:0
[ 1437667ms] [ERROR] Failed to load resource: net::ERR_CONNECTION_REFUSED @ http://localhost:5175/:0
[ 1441017ms] [ERROR] Failed to load resource: net::ERR_CONNECTION_REFUSED @ http://localhost:5175/:0
[ 1444355ms] [ERROR] Failed to load resource: net::ERR_CONNECTION_REFUSED @ http://localhost:5175/:0
[ 1447697ms] [ERROR] Failed to load resource: net::ERR_CONNECTION_REFUSED @ http://localhost:5175/:0
[ 1451047ms] [ERROR] Failed to load resource: net::ERR_CONNECTION_REFUSED @ http://localhost:5175/:0
[ 1454393ms] [ERROR] Failed to load resource: net::ERR_CONNECTION_REFUSED @ http://localhost:5175/:0
[ 1457730ms] [ERROR] Failed to load resource: net::ERR_CONNECTION_REFUSED @ http://localhost:5175/:0
[ 1461067ms] [ERROR] Failed to load resource: net::ERR_CONNECTION_REFUSED @ http://localhost:5175/:0
[ 1464416ms] [ERROR] Failed to load resource: net::ERR_CONNECTION_REFUSED @ http://localhost:5175/:0
[ 1467764ms] [ERROR] Failed to load resource: net::ERR_CONNECTION_REFUSED @ http://localhost:5175/:0
[ 1471114ms] [ERROR] Failed to load resource: net::ERR_CONNECTION_REFUSED @ http://localhost:5175/:0
[ 1474481ms] [ERROR] Failed to load resource: net::ERR_CONNECTION_REFUSED @ http://localhost:5175/:0
[ 1477831ms] [ERROR] Failed to load resource: net::ERR_CONNECTION_REFUSED @ http://localhost:5175/:0
[ 1481184ms] [ERROR] Failed to load resource: net::ERR_CONNECTION_REFUSED @ http://localhost:5175/:0
[ 1484533ms] [ERROR] Failed to load resource: net::ERR_CONNECTION_REFUSED @ http://localhost:5175/:0
[ 1487885ms] [ERROR] Failed to load resource: net::ERR_CONNECTION_REFUSED @ http://localhost:5175/:0
[ 1491267ms] [ERROR] Failed to load resource: net::ERR_CONNECTION_REFUSED @ http://localhost:5175/:0
[ 1494631ms] [ERROR] Failed to load resource: net::ERR_CONNECTION_REFUSED @ http://localhost:5175/:0
[ 1498013ms] [ERROR] Failed to load resource: net::ERR_CONNECTION_REFUSED @ http://localhost:5175/:0
[ 1501379ms] [ERROR] Failed to load resource: net::ERR_CONNECTION_REFUSED @ http://localhost:5175/:0
[ 1504751ms] [ERROR] Failed to load resource: net::ERR_CONNECTION_REFUSED @ http://localhost:5175/:0
[ 1508135ms] [ERROR] Failed to load resource: net::ERR_CONNECTION_REFUSED @ http://localhost:5175/:0
[ 1511502ms] [ERROR] Failed to load resource: net::ERR_CONNECTION_REFUSED @ http://localhost:5175/:0
[ 1514865ms] [ERROR] Failed to load resource: net::ERR_CONNECTION_REFUSED @ http://localhost:5175/:0
[ 1518216ms] [ERROR] Failed to load resource: net::ERR_CONNECTION_REFUSED @ http://localhost:5175/:0
[ 1521585ms] [ERROR] Failed to load resource: net::ERR_CONNECTION_REFUSED @ http://localhost:5175/:0
[ 1524939ms] [ERROR] Failed to load resource: net::ERR_CONNECTION_REFUSED @ http://localhost:5175/:0
[ 1528258ms] [ERROR] Failed to load resource: net::ERR_CONNECTION_REFUSED @ http://localhost:5175/:0
[ 1531626ms] [ERROR] Failed to load resource: net::ERR_CONNECTION_REFUSED @ http://localhost:5175/:0
[ 1535002ms] [ERROR] Failed to load resource: net::ERR_CONNECTION_REFUSED @ http://localhost:5175/:0
[ 1538367ms] [ERROR] Failed to load resource: net::ERR_CONNECTION_REFUSED @ http://localhost:5175/:0
[ 1541752ms] [ERROR] Failed to load resource: net::ERR_CONNECTION_REFUSED @ http://localhost:5175/:0
[ 1545120ms] [ERROR] Failed to load resource: net::ERR_CONNECTION_REFUSED @ http://localhost:5175/:0
[ 1548499ms] [ERROR] Failed to load resource: net::ERR_CONNECTION_REFUSED @ http://localhost:5175/:0
[ 1551834ms] [ERROR] Failed to load resource: net::ERR_CONNECTION_REFUSED @ http://localhost:5175/:0
[ 1555186ms] [ERROR] Failed to load resource: net::ERR_CONNECTION_REFUSED @ http://localhost:5175/:0
[ 1558570ms] [ERROR] Failed to load resource: net::ERR_CONNECTION_REFUSED @ http://localhost:5175/:0
[ 1561921ms] [ERROR] Failed to load resource: net::ERR_CONNECTION_REFUSED @ http://localhost:5175/:0
[ 1565294ms] [ERROR] Failed to load resource: net::ERR_CONNECTION_REFUSED @ http://localhost:5175/:0
[ 1568677ms] [ERROR] Failed to load resource: net::ERR_CONNECTION_REFUSED @ http://localhost:5175/:0
[ 1572057ms] [ERROR] Failed to load resource: net::ERR_CONNECTION_REFUSED @ http://localhost:5175/:0
[ 1575410ms] [ERROR] Failed to load resource: net::ERR_CONNECTION_REFUSED @ http://localhost:5175/:0
[ 1578785ms] [ERROR] Failed to load resource: net::ERR_CONNECTION_REFUSED @ http://localhost:5175/:0
[ 1582152ms] [ERROR] Failed to load resource: net::ERR_CONNECTION_REFUSED @ http://localhost:5175/:0
[ 1585521ms] [ERROR] Failed to load resource: net::ERR_CONNECTION_REFUSED @ http://localhost:5175/:0
[ 1588904ms] [ERROR] Failed to load resource: net::ERR_CONNECTION_REFUSED @ http://localhost:5175/:0
[ 1592259ms] [ERROR] Failed to load resource: net::ERR_CONNECTION_REFUSED @ http://localhost:5175/:0
[ 1595607ms] [ERROR] Failed to load resource: net::ERR_CONNECTION_REFUSED @ http://localhost:5175/:0
[ 1598959ms] [ERROR] Failed to load resource: net::ERR_CONNECTION_REFUSED @ http://localhost:5175/:0
[ 1602325ms] [ERROR] Failed to load resource: net::ERR_CONNECTION_REFUSED @ http://localhost:5175/:0
[ 1605708ms] [ERROR] Failed to load resource: net::ERR_CONNECTION_REFUSED @ http://localhost:5175/:0
[ 1609072ms] [ERROR] Failed to load resource: net::ERR_CONNECTION_REFUSED @ http://localhost:5175/:0
[ 1612440ms] [ERROR] Failed to load resource: net::ERR_CONNECTION_REFUSED @ http://localhost:5175/:0
[ 1615794ms] [ERROR] Failed to load resource: net::ERR_CONNECTION_REFUSED @ http://localhost:5175/:0
[ 1619162ms] [ERROR] Failed to load resource: net::ERR_CONNECTION_REFUSED @ http://localhost:5175/:0
[ 1622531ms] [ERROR] Failed to load resource: net::ERR_CONNECTION_REFUSED @ http://localhost:5175/:0
[ 1625883ms] [ERROR] Failed to load resource: net::ERR_CONNECTION_REFUSED @ http://localhost:5175/:0
[ 1629260ms] [ERROR] Failed to load resource: net::ERR_CONNECTION_REFUSED @ http://localhost:5175/:0
[ 1632642ms] [ERROR] Failed to load resource: net::ERR_CONNECTION_REFUSED @ http://localhost:5175/:0
[ 1635989ms] [ERROR] Failed to load resource: net::ERR_CONNECTION_REFUSED @ http://localhost:5175/:0
[ 1639323ms] [ERROR] Failed to load resource: net::ERR_CONNECTION_REFUSED @ http://localhost:5175/:0
[ 1642689ms] [ERROR] Failed to load resource: net::ERR_CONNECTION_REFUSED @ http://localhost:5175/:0
[ 1646059ms] [ERROR] Failed to load resource: net::ERR_CONNECTION_REFUSED @ http://localhost:5175/:0
[ 1649428ms] [ERROR] Failed to load resource: net::ERR_CONNECTION_REFUSED @ http://localhost:5175/:0
[ 1652795ms] [ERROR] Failed to load resource: net::ERR_CONNECTION_REFUSED @ http://localhost:5175/:0
[ 1656165ms] [ERROR] Failed to load resource: net::ERR_CONNECTION_REFUSED @ http://localhost:5175/:0
[ 1659509ms] [ERROR] Failed to load resource: net::ERR_CONNECTION_REFUSED @ http://localhost:5175/:0
[ 1662891ms] [ERROR] Failed to load resource: net::ERR_CONNECTION_REFUSED @ http://localhost:5175/:0
[ 1666259ms] [ERROR] Failed to load resource: net::ERR_CONNECTION_REFUSED @ http://localhost:5175/:0
[ 1669623ms] [ERROR] Failed to load resource: net::ERR_CONNECTION_REFUSED @ http://localhost:5175/:0
[ 1673004ms] [ERROR] Failed to load resource: net::ERR_CONNECTION_REFUSED @ http://localhost:5175/:0
[ 1676373ms] [ERROR] Failed to load resource: net::ERR_CONNECTION_REFUSED @ http://localhost:5175/:0
[ 1679754ms] [ERROR] Failed to load resource: net::ERR_CONNECTION_REFUSED @ http://localhost:5175/:0
[ 1683133ms] [ERROR] Failed to load resource: net::ERR_CONNECTION_REFUSED @ http://localhost:5175/:0
[ 1686484ms] [ERROR] Failed to load resource: net::ERR_CONNECTION_REFUSED @ http://localhost:5175/:0
[ 1689846ms] [ERROR] Failed to load resource: net::ERR_CONNECTION_REFUSED @ http://localhost:5175/:0
[ 1693231ms] [ERROR] Failed to load resource: net::ERR_CONNECTION_REFUSED @ http://localhost:5175/:0
[ 1696596ms] [ERROR] Failed to load resource: net::ERR_CONNECTION_REFUSED @ http://localhost:5175/:0
[ 1699959ms] [ERROR] Failed to load resource: net::ERR_CONNECTION_REFUSED @ http://localhost:5175/:0
[ 1703342ms] [ERROR] Failed to load resource: net::ERR_CONNECTION_REFUSED @ http://localhost:5175/:0
[ 1706712ms] [ERROR] Failed to load resource: net::ERR_CONNECTION_REFUSED @ http://localhost:5175/:0
[ 1710078ms] [ERROR] Failed to load resource: net::ERR_CONNECTION_REFUSED @ http://localhost:5175/:0
[ 1713463ms] [ERROR] Failed to load resource: net::ERR_CONNECTION_REFUSED @ http://localhost:5175/:0
[ 1716823ms] [ERROR] Failed to load resource: net::ERR_CONNECTION_REFUSED @ http://localhost:5175/:0
[ 1720182ms] [ERROR] Failed to load resource: net::ERR_CONNECTION_REFUSED @ http://localhost:5175/:0
[ 1723563ms] [ERROR] Failed to load resource: net::ERR_CONNECTION_REFUSED @ http://localhost:5175/:0
[ 1726931ms] [ERROR] Failed to load resource: net::ERR_CONNECTION_REFUSED @ http://localhost:5175/:0
[ 1730296ms] [ERROR] Failed to load resource: net::ERR_CONNECTION_REFUSED @ http://localhost:5175/:0
[ 1733661ms] [ERROR] Failed to load resource: net::ERR_CONNECTION_REFUSED @ http://localhost:5175/:0
[ 1737031ms] [ERROR] Failed to load resource: net::ERR_CONNECTION_REFUSED @ http://localhost:5175/:0
[ 1740415ms] [ERROR] Failed to load resource: net::ERR_CONNECTION_REFUSED @ http://localhost:5175/:0
[ 1743796ms] [ERROR] Failed to load resource: net::ERR_CONNECTION_REFUSED @ http://localhost:5175/:0
[ 1747163ms] [ERROR] Failed to load resource: net::ERR_CONNECTION_REFUSED @ http://localhost:5175/:0
[ 1750527ms] [ERROR] Failed to load resource: net::ERR_CONNECTION_REFUSED @ http://localhost:5175/:0
[ 1753877ms] [ERROR] Failed to load resource: net::ERR_CONNECTION_REFUSED @ http://localhost:5175/:0
[ 1757260ms] [ERROR] Failed to load resource: net::ERR_CONNECTION_REFUSED @ http://localhost:5175/:0
[ 1760621ms] [ERROR] Failed to load resource: net::ERR_CONNECTION_REFUSED @ http://localhost:5175/:0
[ 1764000ms] [ERROR] Failed to load resource: net::ERR_CONNECTION_REFUSED @ http://localhost:5175/:0
[ 1767355ms] [ERROR] Failed to load resource: net::ERR_CONNECTION_REFUSED @ http://localhost:5175/:0
[ 1770706ms] [ERROR] Failed to load resource: net::ERR_CONNECTION_REFUSED @ http://localhost:5175/:0
[ 1774087ms] [ERROR] Failed to load resource: net::ERR_CONNECTION_REFUSED @ http://localhost:5175/:0
[ 1777439ms] [ERROR] Failed to load resource: net::ERR_CONNECTION_REFUSED @ http://localhost:5175/:0
[ 1780790ms] [ERROR] Failed to load resource: net::ERR_CONNECTION_REFUSED @ http://localhost:5175/:0
[ 1784167ms] [ERROR] Failed to load resource: net::ERR_CONNECTION_REFUSED @ http://localhost:5175/:0
[ 1787535ms] [ERROR] Failed to load resource: net::ERR_CONNECTION_REFUSED @ http://localhost:5175/:0
[ 1790914ms] [ERROR] Failed to load resource: net::ERR_CONNECTION_REFUSED @ http://localhost:5175/:0
[ 1794276ms] [ERROR] Failed to load resource: net::ERR_CONNECTION_REFUSED @ http://localhost:5175/:0
[ 1797651ms] [ERROR] Failed to load resource: net::ERR_CONNECTION_REFUSED @ http://localhost:5175/:0
[ 1801014ms] [ERROR] Failed to load resource: net::ERR_CONNECTION_REFUSED @ http://localhost:5175/:0
[ 1804365ms] [ERROR] Failed to load resource: net::ERR_CONNECTION_REFUSED @ http://localhost:5175/:0
[ 1807749ms] [ERROR] Failed to load resource: net::ERR_CONNECTION_REFUSED @ http://localhost:5175/:0
[ 1811102ms] [ERROR] Failed to load resource: net::ERR_CONNECTION_REFUSED @ http://localhost:5175/:0
[ 1814479ms] [ERROR] Failed to load resource: net::ERR_CONNECTION_REFUSED @ http://localhost:5175/:0
[ 1817846ms] [ERROR] Failed to load resource: net::ERR_CONNECTION_REFUSED @ http://localhost:5175/:0
[ 1821210ms] [ERROR] Failed to load resource: net::ERR_CONNECTION_REFUSED @ http://localhost:5175/:0
[ 1824575ms] [ERROR] Failed to load resource: net::ERR_CONNECTION_REFUSED @ http://localhost:5175/:0
[ 1827939ms] [ERROR] Failed to load resource: net::ERR_CONNECTION_REFUSED @ http://localhost:5175/:0
[ 1831308ms] [ERROR] Failed to load resource: net::ERR_CONNECTION_REFUSED @ http://localhost:5175/:0
[ 1834692ms] [ERROR] Failed to load resource: net::ERR_CONNECTION_REFUSED @ http://localhost:5175/:0
[ 1838069ms] [ERROR] Failed to load resource: net::ERR_CONNECTION_REFUSED @ http://localhost:5175/:0
[ 1841422ms] [ERROR] Failed to load resource: net::ERR_CONNECTION_REFUSED @ http://localhost:5175/:0
[ 1844783ms] [ERROR] Failed to load resource: net::ERR_CONNECTION_REFUSED @ http://localhost:5175/:0
[ 1848166ms] [ERROR] Failed to load resource: net::ERR_CONNECTION_REFUSED @ http://localhost:5175/:0
[ 1851547ms] [ERROR] Failed to load resource: net::ERR_CONNECTION_REFUSED @ http://localhost:5175/:0
[ 1854929ms] [ERROR] Failed to load resource: net::ERR_CONNECTION_REFUSED @ http://localhost:5175/:0
[ 1858284ms] [ERROR] Failed to load resource: net::ERR_CONNECTION_REFUSED @ http://localhost:5175/:0
[ 1861650ms] [ERROR] Failed to load resource: net::ERR_CONNECTION_REFUSED @ http://localhost:5175/:0
[ 1865020ms] [ERROR] Failed to load resource: net::ERR_CONNECTION_REFUSED @ http://localhost:5175/:0
[ 1868371ms] [ERROR] Failed to load resource: net::ERR_CONNECTION_REFUSED @ http://localhost:5175/:0
[ 1871722ms] [ERROR] Failed to load resource: net::ERR_CONNECTION_REFUSED @ http://localhost:5175/:0
[ 1875081ms] [ERROR] Failed to load resource: net::ERR_CONNECTION_REFUSED @ http://localhost:5175/:0
[ 1878434ms] [ERROR] Failed to load resource: net::ERR_CONNECTION_REFUSED @ http://localhost:5175/:0
[ 1881799ms] [ERROR] Failed to load resource: net::ERR_CONNECTION_REFUSED @ http://localhost:5175/:0
[ 1885155ms] [ERROR] Failed to load resource: net::ERR_CONNECTION_REFUSED @ http://localhost:5175/:0
[ 1888507ms] [ERROR] Failed to load resource: net::ERR_CONNECTION_REFUSED @ http://localhost:5175/:0
[ 1891889ms] [ERROR] Failed to load resource: net::ERR_CONNECTION_REFUSED @ http://localhost:5175/:0
[ 1895242ms] [ERROR] Failed to load resource: net::ERR_CONNECTION_REFUSED @ http://localhost:5175/:0
[ 1898625ms] [ERROR] Failed to load resource: net::ERR_CONNECTION_REFUSED @ http://localhost:5175/:0
[ 1901964ms] [ERROR] Failed to load resource: net::ERR_CONNECTION_REFUSED @ http://localhost:5175/:0
[ 1905331ms] [ERROR] Failed to load resource: net::ERR_CONNECTION_REFUSED @ http://localhost:5175/:0
[ 1908693ms] [ERROR] Failed to load resource: net::ERR_CONNECTION_REFUSED @ http://localhost:5175/:0
[ 1912055ms] [ERROR] Failed to load resource: net::ERR_CONNECTION_REFUSED @ http://localhost:5175/:0
[ 1915391ms] [ERROR] Failed to load resource: net::ERR_CONNECTION_REFUSED @ http://localhost:5175/:0
[ 1918774ms] [ERROR] Failed to load resource: net::ERR_CONNECTION_REFUSED @ http://localhost:5175/:0
[ 1922123ms] [ERROR] Failed to load resource: net::ERR_CONNECTION_REFUSED @ http://localhost:5175/:0
[ 1925505ms] [ERROR] Failed to load resource: net::ERR_CONNECTION_REFUSED @ http://localhost:5175/:0
[ 1928857ms] [ERROR] Failed to load resource: net::ERR_CONNECTION_REFUSED @ http://localhost:5175/:0
[ 1932223ms] [ERROR] Failed to load resource: net::ERR_CONNECTION_REFUSED @ http://localhost:5175/:0
[ 1935604ms] [ERROR] Failed to load resource: net::ERR_CONNECTION_REFUSED @ http://localhost:5175/:0
[ 1938982ms] [ERROR] Failed to load resource: net::ERR_CONNECTION_REFUSED @ http://localhost:5175/:0
[ 1942359ms] [ERROR] Failed to load resource: net::ERR_CONNECTION_REFUSED @ http://localhost:5175/:0
[ 1945728ms] [ERROR] Failed to load resource: net::ERR_CONNECTION_REFUSED @ http://localhost:5175/:0
[ 1949094ms] [ERROR] Failed to load resource: net::ERR_CONNECTION_REFUSED @ http://localhost:5175/:0
[ 1952444ms] [ERROR] Failed to load resource: net::ERR_CONNECTION_REFUSED @ http://localhost:5175/:0
[ 1955810ms] [ERROR] Failed to load resource: net::ERR_CONNECTION_REFUSED @ http://localhost:5175/:0
[ 1959210ms] [ERROR] Failed to load resource: net::ERR_CONNECTION_REFUSED @ http://localhost:5175/:0
[ 1962546ms] [ERROR] Failed to load resource: net::ERR_CONNECTION_REFUSED @ http://localhost:5175/:0
[ 1965916ms] [ERROR] Failed to load resource: net::ERR_CONNECTION_REFUSED @ http://localhost:5175/:0
[ 1969264ms] [ERROR] Failed to load resource: net::ERR_CONNECTION_REFUSED @ http://localhost:5175/:0
[ 1972627ms] [ERROR] Failed to load resource: net::ERR_CONNECTION_REFUSED @ http://localhost:5175/:0
[ 1975993ms] [ERROR] Failed to load resource: net::ERR_CONNECTION_REFUSED @ http://localhost:5175/:0
[ 1979346ms] [ERROR] Failed to load resource: net::ERR_CONNECTION_REFUSED @ http://localhost:5175/:0
[ 1982713ms] [ERROR] Failed to load resource: net::ERR_CONNECTION_REFUSED @ http://localhost:5175/:0
[ 1986078ms] [ERROR] Failed to load resource: net::ERR_CONNECTION_REFUSED @ http://localhost:5175/:0
[ 1989458ms] [ERROR] Failed to load resource: net::ERR_CONNECTION_REFUSED @ http://localhost:5175/:0
[ 1992826ms] [ERROR] Failed to load resource: net::ERR_CONNECTION_REFUSED @ http://localhost:5175/:0
[ 1996189ms] [ERROR] Failed to load resource: net::ERR_CONNECTION_REFUSED @ http://localhost:5175/:0
[ 1999556ms] [ERROR] Failed to load resource: net::ERR_CONNECTION_REFUSED @ http://localhost:5175/:0
[ 2002905ms] [ERROR] Failed to load resource: net::ERR_CONNECTION_REFUSED @ http://localhost:5175/:0
[ 2006271ms] [ERROR] Failed to load resource: net::ERR_CONNECTION_REFUSED @ http://localhost:5175/:0
[ 2009639ms] [ERROR] Failed to load resource: net::ERR_CONNECTION_REFUSED @ http://localhost:5175/:0
[ 2012989ms] [ERROR] Failed to load resource: net::ERR_CONNECTION_REFUSED @ http://localhost:5175/:0
[ 2016370ms] [ERROR] Failed to load resource: net::ERR_CONNECTION_REFUSED @ http://localhost:5175/:0
[ 2019738ms] [ERROR] Failed to load resource: net::ERR_CONNECTION_REFUSED @ http://localhost:5175/:0
[ 2023103ms] [ERROR] Failed to load resource: net::ERR_CONNECTION_REFUSED @ http://localhost:5175/:0
[ 2026484ms] [ERROR] Failed to load resource: net::ERR_CONNECTION_REFUSED @ http://localhost:5175/:0
[ 2029867ms] [ERROR] Failed to load resource: net::ERR_CONNECTION_REFUSED @ http://localhost:5175/:0
[ 2033230ms] [ERROR] Failed to load resource: net::ERR_CONNECTION_REFUSED @ http://localhost:5175/:0
[ 2036584ms] [ERROR] Failed to load resource: net::ERR_CONNECTION_REFUSED @ http://localhost:5175/:0
[ 2039965ms] [ERROR] Failed to load resource: net::ERR_CONNECTION_REFUSED @ http://localhost:5175/:0
[ 2043313ms] [ERROR] Failed to load resource: net::ERR_CONNECTION_REFUSED @ http://localhost:5175/:0
[ 2046680ms] [ERROR] Failed to load resource: net::ERR_CONNECTION_REFUSED @ http://localhost:5175/:0
[ 2050048ms] [ERROR] Failed to load resource: net::ERR_CONNECTION_REFUSED @ http://localhost:5175/:0
[ 2053429ms] [ERROR] Failed to load resource: net::ERR_CONNECTION_REFUSED @ http://localhost:5175/:0
[ 2056779ms] [ERROR] Failed to load resource: net::ERR_CONNECTION_REFUSED @ http://localhost:5175/:0
[ 2060160ms] [ERROR] Failed to load resource: net::ERR_CONNECTION_REFUSED @ http://localhost:5175/:0
[ 2063520ms] [ERROR] Failed to load resource: net::ERR_CONNECTION_REFUSED @ http://localhost:5175/:0
[ 2066881ms] [ERROR] Failed to load resource: net::ERR_CONNECTION_REFUSED @ http://localhost:5175/:0
[ 2070244ms] [ERROR] Failed to load resource: net::ERR_CONNECTION_REFUSED @ http://localhost:5175/:0
[ 2073628ms] [ERROR] Failed to load resource: net::ERR_CONNECTION_REFUSED @ http://localhost:5175/:0
[ 2076980ms] [ERROR] Failed to load resource: net::ERR_CONNECTION_REFUSED @ http://localhost:5175/:0
[ 2080347ms] [ERROR] Failed to load resource: net::ERR_CONNECTION_REFUSED @ http://localhost:5175/:0
[ 2083700ms] [ERROR] Failed to load resource: net::ERR_CONNECTION_REFUSED @ http://localhost:5175/:0
[ 2087067ms] [ERROR] Failed to load resource: net::ERR_CONNECTION_REFUSED @ http://localhost:5175/:0
[ 2090431ms] [ERROR] Failed to load resource: net::ERR_CONNECTION_REFUSED @ http://localhost:5175/:0
[ 2093794ms] [ERROR] Failed to load resource: net::ERR_CONNECTION_REFUSED @ http://localhost:5175/:0
[ 2097177ms] [ERROR] Failed to load resource: net::ERR_CONNECTION_REFUSED @ http://localhost:5175/:0
[ 2100542ms] [ERROR] Failed to load resource: net::ERR_CONNECTION_REFUSED @ http://localhost:5175/:0
[ 2103908ms] [ERROR] Failed to load resource: net::ERR_CONNECTION_REFUSED @ http://localhost:5175/:0
[ 2107275ms] [ERROR] Failed to load resource: net::ERR_CONNECTION_REFUSED @ http://localhost:5175/:0
[ 2110656ms] [ERROR] Failed to load resource: net::ERR_CONNECTION_REFUSED @ http://localhost:5175/:0
[ 2114007ms] [ERROR] Failed to load resource: net::ERR_CONNECTION_REFUSED @ http://localhost:5175/:0
[ 2117392ms] [ERROR] Failed to load resource: net::ERR_CONNECTION_REFUSED @ http://localhost:5175/:0
[ 2120769ms] [ERROR] Failed to load resource: net::ERR_CONNECTION_REFUSED @ http://localhost:5175/:0
[ 2124127ms] [ERROR] Failed to load resource: net::ERR_CONNECTION_REFUSED @ http://localhost:5175/:0
[ 2127509ms] [ERROR] Failed to load resource: net::ERR_CONNECTION_REFUSED @ http://localhost:5175/:0
[ 2130889ms] [ERROR] Failed to load resource: net::ERR_CONNECTION_REFUSED @ http://localhost:5175/:0
[ 2134257ms] [ERROR] Failed to load resource: net::ERR_CONNECTION_REFUSED @ http://localhost:5175/:0
[ 2137635ms] [ERROR] Failed to load resource: net::ERR_CONNECTION_REFUSED @ http://localhost:5175/:0
[ 2141003ms] [ERROR] Failed to load resource: net::ERR_CONNECTION_REFUSED @ http://localhost:5175/:0
[ 2144369ms] [ERROR] Failed to load resource: net::ERR_CONNECTION_REFUSED @ http://localhost:5175/:0
[ 2147737ms] [ERROR] Failed to load resource: net::ERR_CONNECTION_REFUSED @ http://localhost:5175/:0
[ 2151117ms] [ERROR] Failed to load resource: net::ERR_CONNECTION_REFUSED @ http://localhost:5175/:0
[ 2154495ms] [ERROR] Failed to load resource: net::ERR_CONNECTION_REFUSED @ http://localhost:5175/:0
[ 2157865ms] [ERROR] Failed to load resource: net::ERR_CONNECTION_REFUSED @ http://localhost:5175/:0
[ 2161231ms] [ERROR] Failed to load resource: net::ERR_CONNECTION_REFUSED @ http://localhost:5175/:0
[ 2164597ms] [ERROR] Failed to load resource: net::ERR_CONNECTION_REFUSED @ http://localhost:5175/:0
[ 2167963ms] [ERROR] Failed to load resource: net::ERR_CONNECTION_REFUSED @ http://localhost:5175/:0
[ 2171329ms] [ERROR] Failed to load resource: net::ERR_CONNECTION_REFUSED @ http://localhost:5175/:0
[ 2174668ms] [ERROR] Failed to load resource: net::ERR_CONNECTION_REFUSED @ http://localhost:5175/:0
[ 2178030ms] [ERROR] Failed to load resource: net::ERR_CONNECTION_REFUSED @ http://localhost:5175/:0
[ 2181393ms] [ERROR] Failed to load resource: net::ERR_CONNECTION_REFUSED @ http://localhost:5175/:0
[ 2184752ms] [ERROR] Failed to load resource: net::ERR_CONNECTION_REFUSED @ http://localhost:5175/:0
[ 2188104ms] [ERROR] Failed to load resource: net::ERR_CONNECTION_REFUSED @ http://localhost:5175/:0
[ 2191455ms] [ERROR] Failed to load resource: net::ERR_CONNECTION_REFUSED @ http://localhost:5175/:0
[ 2194828ms] [ERROR] Failed to load resource: net::ERR_CONNECTION_REFUSED @ http://localhost:5175/:0
[ 2198179ms] [ERROR] Failed to load resource: net::ERR_CONNECTION_REFUSED @ http://localhost:5175/:0
[ 2201555ms] [ERROR] Failed to load resource: net::ERR_CONNECTION_REFUSED @ http://localhost:5175/:0
[ 2204927ms] [ERROR] Failed to load resource: net::ERR_CONNECTION_REFUSED @ http://localhost:5175/:0
[ 2208279ms] [ERROR] Failed to load resource: net::ERR_CONNECTION_REFUSED @ http://localhost:5175/:0
[ 2211649ms] [ERROR] Failed to load resource: net::ERR_CONNECTION_REFUSED @ http://localhost:5175/:0
[ 2214985ms] [ERROR] Failed to load resource: net::ERR_CONNECTION_REFUSED @ http://localhost:5175/:0
[ 2218334ms] [ERROR] Failed to load resource: net::ERR_CONNECTION_REFUSED @ http://localhost:5175/:0
[ 2221687ms] [ERROR] Failed to load resource: net::ERR_CONNECTION_REFUSED @ http://localhost:5175/:0
[ 2225041ms] [ERROR] Failed to load resource: net::ERR_CONNECTION_REFUSED @ http://localhost:5175/:0
[ 2228427ms] [ERROR] Failed to load resource: net::ERR_CONNECTION_REFUSED @ http://localhost:5175/:0
[ 2231797ms] [ERROR] Failed to load resource: net::ERR_CONNECTION_REFUSED @ http://localhost:5175/:0
[ 2235144ms] [ERROR] Failed to load resource: net::ERR_CONNECTION_REFUSED @ http://localhost:5175/:0
[ 2238514ms] [ERROR] Failed to load resource: net::ERR_CONNECTION_REFUSED @ http://localhost:5175/:0
[ 2241870ms] [ERROR] Failed to load resource: net::ERR_CONNECTION_REFUSED @ http://localhost:5175/:0
[ 2245222ms] [ERROR] Failed to load resource: net::ERR_CONNECTION_REFUSED @ http://localhost:5175/:0
[ 2248598ms] [ERROR] Failed to load resource: net::ERR_CONNECTION_REFUSED @ http://localhost:5175/:0
[ 2251951ms] [ERROR] Failed to load resource: net::ERR_CONNECTION_REFUSED @ http://localhost:5175/:0
[ 2255290ms] [ERROR] Failed to load resource: net::ERR_CONNECTION_REFUSED @ http://localhost:5175/:0
[ 2258670ms] [ERROR] Failed to load resource: net::ERR_CONNECTION_REFUSED @ http://localhost:5175/:0
[ 2262055ms] [ERROR] Failed to load resource: net::ERR_CONNECTION_REFUSED @ http://localhost:5175/:0
[ 2265406ms] [ERROR] Failed to load resource: net::ERR_CONNECTION_REFUSED @ http://localhost:5175/:0
[ 2268772ms] [ERROR] Failed to load resource: net::ERR_CONNECTION_REFUSED @ http://localhost:5175/:0
[ 2272151ms] [ERROR] Failed to load resource: net::ERR_CONNECTION_REFUSED @ http://localhost:5175/:0
[ 2275536ms] [ERROR] Failed to load resource: net::ERR_CONNECTION_REFUSED @ http://localhost:5175/:0
[ 2278907ms] [ERROR] Failed to load resource: net::ERR_CONNECTION_REFUSED @ http://localhost:5175/:0
[ 2282286ms] [ERROR] Failed to load resource: net::ERR_CONNECTION_REFUSED @ http://localhost:5175/:0
[ 2285663ms] [ERROR] Failed to load resource: net::ERR_CONNECTION_REFUSED @ http://localhost:5175/:0
[ 2289032ms] [ERROR] Failed to load resource: net::ERR_CONNECTION_REFUSED @ http://localhost:5175/:0
[ 2292382ms] [ERROR] Failed to load resource: net::ERR_CONNECTION_REFUSED @ http://localhost:5175/:0
[ 2295733ms] [ERROR] Failed to load resource: net::ERR_CONNECTION_REFUSED @ http://localhost:5175/:0
[ 2299118ms] [ERROR] Failed to load resource: net::ERR_CONNECTION_REFUSED @ http://localhost:5175/:0
[ 2302484ms] [ERROR] Failed to load resource: net::ERR_CONNECTION_REFUSED @ http://localhost:5175/:0
[ 2305840ms] [ERROR] Failed to load resource: net::ERR_CONNECTION_REFUSED @ http://localhost:5175/:0
[ 2309219ms] [ERROR] Failed to load resource: net::ERR_CONNECTION_REFUSED @ http://localhost:5175/:0
[ 2312588ms] [ERROR] Failed to load resource: net::ERR_CONNECTION_REFUSED @ http://localhost:5175/:0
[ 2315926ms] [ERROR] Failed to load resource: net::ERR_CONNECTION_REFUSED @ http://localhost:5175/:0
[ 2319294ms] [ERROR] Failed to load resource: net::ERR_CONNECTION_REFUSED @ http://localhost:5175/:0
[ 2322649ms] [ERROR] Failed to load resource: net::ERR_CONNECTION_REFUSED @ http://localhost:5175/:0
[ 2326018ms] [ERROR] Failed to load resource: net::ERR_CONNECTION_REFUSED @ http://localhost:5175/:0
[ 2329370ms] [ERROR] Failed to load resource: net::ERR_CONNECTION_REFUSED @ http://localhost:5175/:0
[ 2332749ms] [ERROR] Failed to load resource: net::ERR_CONNECTION_REFUSED @ http://localhost:5175/:0
[ 2336089ms] [ERROR] Failed to load resource: net::ERR_CONNECTION_REFUSED @ http://localhost:5175/:0
[ 2339457ms] [ERROR] Failed to load resource: net::ERR_CONNECTION_REFUSED @ http://localhost:5175/:0
[ 2342814ms] [ERROR] Failed to load resource: net::ERR_CONNECTION_REFUSED @ http://localhost:5175/:0
[ 2346180ms] [ERROR] Failed to load resource: net::ERR_CONNECTION_REFUSED @ http://localhost:5175/:0
[ 2349548ms] [ERROR] Failed to load resource: net::ERR_CONNECTION_REFUSED @ http://localhost:5175/:0
[ 2352917ms] [ERROR] Failed to load resource: net::ERR_CONNECTION_REFUSED @ http://localhost:5175/:0
[ 2356298ms] [ERROR] Failed to load resource: net::ERR_CONNECTION_REFUSED @ http://localhost:5175/:0
[ 2359682ms] [ERROR] Failed to load resource: net::ERR_CONNECTION_REFUSED @ http://localhost:5175/:0
[ 2363062ms] [ERROR] Failed to load resource: net::ERR_CONNECTION_REFUSED @ http://localhost:5175/:0
[ 2366447ms] [ERROR] Failed to load resource: net::ERR_CONNECTION_REFUSED @ http://localhost:5175/:0
[ 2369803ms] [ERROR] Failed to load resource: net::ERR_CONNECTION_REFUSED @ http://localhost:5175/:0
[ 2373182ms] [ERROR] Failed to load resource: net::ERR_CONNECTION_REFUSED @ http://localhost:5175/:0
[ 2376521ms] [ERROR] Failed to load resource: net::ERR_CONNECTION_REFUSED @ http://localhost:5175/:0
[ 2379876ms] [ERROR] Failed to load resource: net::ERR_CONNECTION_REFUSED @ http://localhost:5175/:0
[ 2383245ms] [ERROR] Failed to load resource: net::ERR_CONNECTION_REFUSED @ http://localhost:5175/:0
[ 2386629ms] [ERROR] Failed to load resource: net::ERR_CONNECTION_REFUSED @ http://localhost:5175/:0
[ 2389997ms] [ERROR] Failed to load resource: net::ERR_CONNECTION_REFUSED @ http://localhost:5175/:0
[ 2393379ms] [ERROR] Failed to load resource: net::ERR_CONNECTION_REFUSED @ http://localhost:5175/:0
[ 2396748ms] [ERROR] Failed to load resource: net::ERR_CONNECTION_REFUSED @ http://localhost:5175/:0
[ 2400116ms] [ERROR] Failed to load resource: net::ERR_CONNECTION_REFUSED @ http://localhost:5175/:0
[ 2403494ms] [ERROR] Failed to load resource: net::ERR_CONNECTION_REFUSED @ http://localhost:5175/:0
[ 2406857ms] [ERROR] Failed to load resource: net::ERR_CONNECTION_REFUSED @ http://localhost:5175/:0
[ 2410237ms] [ERROR] Failed to load resource: net::ERR_CONNECTION_REFUSED @ http://localhost:5175/:0
[ 2413603ms] [ERROR] Failed to load resource: net::ERR_CONNECTION_REFUSED @ http://localhost:5175/:0
[ 2416981ms] [ERROR] Failed to load resource: net::ERR_CONNECTION_REFUSED @ http://localhost:5175/:0
[ 2420363ms] [ERROR] Failed to load resource: net::ERR_CONNECTION_REFUSED @ http://localhost:5175/:0
[ 2423741ms] [ERROR] Failed to load resource: net::ERR_CONNECTION_REFUSED @ http://localhost:5175/:0
[ 2427097ms] [ERROR] Failed to load resource: net::ERR_CONNECTION_REFUSED @ http://localhost:5175/:0
[ 2430435ms] [ERROR] Failed to load resource: net::ERR_CONNECTION_REFUSED @ http://localhost:5175/:0
[ 2433797ms] [ERROR] Failed to load resource: net::ERR_CONNECTION_REFUSED @ http://localhost:5175/:0
[ 2437163ms] [ERROR] Failed to load resource: net::ERR_CONNECTION_REFUSED @ http://localhost:5175/:0
[ 2440530ms] [ERROR] Failed to load resource: net::ERR_CONNECTION_REFUSED @ http://localhost:5175/:0
[ 2443916ms] [ERROR] Failed to load resource: net::ERR_CONNECTION_REFUSED @ http://localhost:5175/:0
[ 2447284ms] [ERROR] Failed to load resource: net::ERR_CONNECTION_REFUSED @ http://localhost:5175/:0
[ 2450651ms] [ERROR] Failed to load resource: net::ERR_CONNECTION_REFUSED @ http://localhost:5175/:0
[ 2454020ms] [ERROR] Failed to load resource: net::ERR_CONNECTION_REFUSED @ http://localhost:5175/:0
[ 2457389ms] [ERROR] Failed to load resource: net::ERR_CONNECTION_REFUSED @ http://localhost:5175/:0
[ 2460752ms] [ERROR] Failed to load resource: net::ERR_CONNECTION_REFUSED @ http://localhost:5175/:0
[ 2464117ms] [ERROR] Failed to load resource: net::ERR_CONNECTION_REFUSED @ http://localhost:5175/:0
[ 2467483ms] [ERROR] Failed to load resource: net::ERR_CONNECTION_REFUSED @ http://localhost:5175/:0
[ 2470837ms] [ERROR] Failed to load resource: net::ERR_CONNECTION_REFUSED @ http://localhost:5175/:0
[ 2474189ms] [ERROR] Failed to load resource: net::ERR_CONNECTION_REFUSED @ http://localhost:5175/:0
[ 2477545ms] [ERROR] Failed to load resource: net::ERR_CONNECTION_REFUSED @ http://localhost:5175/:0
[ 2480924ms] [ERROR] Failed to load resource: net::ERR_CONNECTION_REFUSED @ http://localhost:5175/:0
[ 2484303ms] [ERROR] Failed to load resource: net::ERR_CONNECTION_REFUSED @ http://localhost:5175/:0
[ 2487669ms] [ERROR] Failed to load resource: net::ERR_CONNECTION_REFUSED @ http://localhost:5175/:0
[ 2491053ms] [ERROR] Failed to load resource: net::ERR_CONNECTION_REFUSED @ http://localhost:5175/:0
[ 2494421ms] [ERROR] Failed to load resource: net::ERR_CONNECTION_REFUSED @ http://localhost:5175/:0
[ 2497781ms] [ERROR] Failed to load resource: net::ERR_CONNECTION_REFUSED @ http://localhost:5175/:0
[ 2501150ms] [ERROR] Failed to load resource: net::ERR_CONNECTION_REFUSED @ http://localhost:5175/:0
[ 2504505ms] [ERROR] Failed to load resource: net::ERR_CONNECTION_REFUSED @ http://localhost:5175/:0
[ 2507857ms] [ERROR] Failed to load resource: net::ERR_CONNECTION_REFUSED @ http://localhost:5175/:0
[ 2511212ms] [ERROR] Failed to load resource: net::ERR_CONNECTION_REFUSED @ http://localhost:5175/:0
[ 2514560ms] [ERROR] Failed to load resource: net::ERR_CONNECTION_REFUSED @ http://localhost:5175/:0
[ 2517917ms] [ERROR] Failed to load resource: net::ERR_CONNECTION_REFUSED @ http://localhost:5175/:0
[ 2521269ms] [ERROR] Failed to load resource: net::ERR_CONNECTION_REFUSED @ http://localhost:5175/:0
[ 2524651ms] [ERROR] Failed to load resource: net::ERR_CONNECTION_REFUSED @ http://localhost:5175/:0
[ 2528030ms] [ERROR] Failed to load resource: net::ERR_CONNECTION_REFUSED @ http://localhost:5175/:0
[ 2531412ms] [ERROR] Failed to load resource: net::ERR_CONNECTION_REFUSED @ http://localhost:5175/:0
[ 2534781ms] [ERROR] Failed to load resource: net::ERR_CONNECTION_REFUSED @ http://localhost:5175/:0
[ 2538163ms] [ERROR] Failed to load resource: net::ERR_CONNECTION_REFUSED @ http://localhost:5175/:0
[ 2541532ms] [ERROR] Failed to load resource: net::ERR_CONNECTION_REFUSED @ http://localhost:5175/:0
[ 2544896ms] [ERROR] Failed to load resource: net::ERR_CONNECTION_REFUSED @ http://localhost:5175/:0
[ 2548256ms] [ERROR] Failed to load resource: net::ERR_CONNECTION_REFUSED @ http://localhost:5175/:0
[ 2551610ms] [ERROR] Failed to load resource: net::ERR_CONNECTION_REFUSED @ http://localhost:5175/:0
[ 2554980ms] [ERROR] Failed to load resource: net::ERR_CONNECTION_REFUSED @ http://localhost:5175/:0
[ 2558360ms] [ERROR] Failed to load resource: net::ERR_CONNECTION_REFUSED @ http://localhost:5175/:0
[ 2561711ms] [ERROR] Failed to load resource: net::ERR_CONNECTION_REFUSED @ http://localhost:5175/:0
[ 2565080ms] [ERROR] Failed to load resource: net::ERR_CONNECTION_REFUSED @ http://localhost:5175/:0
[ 2568463ms] [ERROR] Failed to load resource: net::ERR_CONNECTION_REFUSED @ http://localhost:5175/:0
[ 2571801ms] [ERROR] Failed to load resource: net::ERR_CONNECTION_REFUSED @ http://localhost:5175/:0
[ 2575163ms] [ERROR] Failed to load resource: net::ERR_CONNECTION_REFUSED @ http://localhost:5175/:0
[ 2578532ms] [ERROR] Failed to load resource: net::ERR_CONNECTION_REFUSED @ http://localhost:5175/:0
[ 2581914ms] [ERROR] Failed to load resource: net::ERR_CONNECTION_REFUSED @ http://localhost:5175/:0
[ 2585284ms] [ERROR] Failed to load resource: net::ERR_CONNECTION_REFUSED @ http://localhost:5175/:0
[ 2588664ms] [ERROR] Failed to load resource: net::ERR_CONNECTION_REFUSED @ http://localhost:5175/:0
[ 2592038ms] [ERROR] Failed to load resource: net::ERR_CONNECTION_REFUSED @ http://localhost:5175/:0
[ 2595411ms] [ERROR] Failed to load resource: net::ERR_CONNECTION_REFUSED @ http://localhost:5175/:0
[ 2598773ms] [ERROR] Failed to load resource: net::ERR_CONNECTION_REFUSED @ http://localhost:5175/:0
[ 2602140ms] [ERROR] Failed to load resource: net::ERR_CONNECTION_REFUSED @ http://localhost:5175/:0
[ 2605508ms] [ERROR] Failed to load resource: net::ERR_CONNECTION_REFUSED @ http://localhost:5175/:0
[ 2608859ms] [ERROR] Failed to load resource: net::ERR_CONNECTION_REFUSED @ http://localhost:5175/:0
[ 2612224ms] [ERROR] Failed to load resource: net::ERR_CONNECTION_REFUSED @ http://localhost:5175/:0
[ 2615590ms] [ERROR] Failed to load resource: net::ERR_CONNECTION_REFUSED @ http://localhost:5175/:0
[ 2618960ms] [ERROR] Failed to load resource: net::ERR_CONNECTION_REFUSED @ http://localhost:5175/:0
[ 2622334ms] [ERROR] Failed to load resource: net::ERR_CONNECTION_REFUSED @ http://localhost:5175/:0
[ 2625687ms] [ERROR] Failed to load resource: net::ERR_CONNECTION_REFUSED @ http://localhost:5175/:0
[ 2629070ms] [ERROR] Failed to load resource: net::ERR_CONNECTION_REFUSED @ http://localhost:5175/:0
[ 2632419ms] [ERROR] Failed to load resource: net::ERR_CONNECTION_REFUSED @ http://localhost:5175/:0
[ 2635765ms] [ERROR] Failed to load resource: net::ERR_CONNECTION_REFUSED @ http://localhost:5175/:0
[ 2639118ms] [ERROR] Failed to load resource: net::ERR_CONNECTION_REFUSED @ http://localhost:5175/:0
[ 2642458ms] [ERROR] Failed to load resource: net::ERR_CONNECTION_REFUSED @ http://localhost:5175/:0
[ 2645812ms] [ERROR] Failed to load resource: net::ERR_CONNECTION_REFUSED @ http://localhost:5175/:0
[ 2649180ms] [ERROR] Failed to load resource: net::ERR_CONNECTION_REFUSED @ http://localhost:5175/:0
[ 2652543ms] [ERROR] Failed to load resource: net::ERR_CONNECTION_REFUSED @ http://localhost:5175/:0
[ 2655897ms] [ERROR] Failed to load resource: net::ERR_CONNECTION_REFUSED @ http://localhost:5175/:0
[ 2659235ms] [ERROR] Failed to load resource: net::ERR_CONNECTION_REFUSED @ http://localhost:5175/:0
[ 2662616ms] [ERROR] Failed to load resource: net::ERR_CONNECTION_REFUSED @ http://localhost:5175/:0
[ 2665949ms] [ERROR] Failed to load resource: net::ERR_CONNECTION_REFUSED @ http://localhost:5175/:0
[ 2669332ms] [ERROR] Failed to load resource: net::ERR_CONNECTION_REFUSED @ http://localhost:5175/:0
[ 2672699ms] [ERROR] Failed to load resource: net::ERR_CONNECTION_REFUSED @ http://localhost:5175/:0
[ 2676064ms] [ERROR] Failed to load resource: net::ERR_CONNECTION_REFUSED @ http://localhost:5175/:0
[ 2679433ms] [ERROR] Failed to load resource: net::ERR_CONNECTION_REFUSED @ http://localhost:5175/:0
[ 2682808ms] [ERROR] Failed to load resource: net::ERR_CONNECTION_REFUSED @ http://localhost:5175/:0
[ 2686145ms] [ERROR] Failed to load resource: net::ERR_CONNECTION_REFUSED @ http://localhost:5175/:0
[ 2689500ms] [ERROR] Failed to load resource: net::ERR_CONNECTION_REFUSED @ http://localhost:5175/:0
[ 2692854ms] [ERROR] Failed to load resource: net::ERR_CONNECTION_REFUSED @ http://localhost:5175/:0
[ 2696191ms] [ERROR] Failed to load resource: net::ERR_CONNECTION_REFUSED @ http://localhost:5175/:0
[ 2699574ms] [ERROR] Failed to load resource: net::ERR_CONNECTION_REFUSED @ http://localhost:5175/:0
[ 2702926ms] [ERROR] Failed to load resource: net::ERR_CONNECTION_REFUSED @ http://localhost:5175/:0
[ 2706281ms] [ERROR] Failed to load resource: net::ERR_CONNECTION_REFUSED @ http://localhost:5175/:0
[ 2709616ms] [ERROR] Failed to load resource: net::ERR_CONNECTION_REFUSED @ http://localhost:5175/:0
[ 2712980ms] [ERROR] Failed to load resource: net::ERR_CONNECTION_REFUSED @ http://localhost:5175/:0
[ 2716358ms] [ERROR] Failed to load resource: net::ERR_CONNECTION_REFUSED @ http://localhost:5175/:0
[ 2719726ms] [ERROR] Failed to load resource: net::ERR_CONNECTION_REFUSED @ http://localhost:5175/:0
[ 2723109ms] [ERROR] Failed to load resource: net::ERR_CONNECTION_REFUSED @ http://localhost:5175/:0
[ 2726472ms] [ERROR] Failed to load resource: net::ERR_CONNECTION_REFUSED @ http://localhost:5175/:0
[ 2729842ms] [ERROR] Failed to load resource: net::ERR_CONNECTION_REFUSED @ http://localhost:5175/:0
[ 2733225ms] [ERROR] Failed to load resource: net::ERR_CONNECTION_REFUSED @ http://localhost:5175/:0
[ 2736590ms] [ERROR] Failed to load resource: net::ERR_CONNECTION_REFUSED @ http://localhost:5175/:0
[ 2739945ms] [ERROR] Failed to load resource: net::ERR_CONNECTION_REFUSED @ http://localhost:5175/:0
[ 2743315ms] [ERROR] Failed to load resource: net::ERR_CONNECTION_REFUSED @ http://localhost:5175/:0
[ 2746650ms] [ERROR] Failed to load resource: net::ERR_CONNECTION_REFUSED @ http://localhost:5175/:0
[ 2750018ms] [ERROR] Failed to load resource: net::ERR_CONNECTION_REFUSED @ http://localhost:5175/:0
[ 2753404ms] [ERROR] Failed to load resource: net::ERR_CONNECTION_REFUSED @ http://localhost:5175/:0
[ 2756770ms] [ERROR] Failed to load resource: net::ERR_CONNECTION_REFUSED @ http://localhost:5175/:0
[ 2760154ms] [ERROR] Failed to load resource: net::ERR_CONNECTION_REFUSED @ http://localhost:5175/:0
[ 2763520ms] [ERROR] Failed to load resource: net::ERR_CONNECTION_REFUSED @ http://localhost:5175/:0
[ 2766903ms] [ERROR] Failed to load resource: net::ERR_CONNECTION_REFUSED @ http://localhost:5175/:0
[ 2770253ms] [ERROR] Failed to load resource: net::ERR_CONNECTION_REFUSED @ http://localhost:5175/:0
[ 2773636ms] [ERROR] Failed to load resource: net::ERR_CONNECTION_REFUSED @ http://localhost:5175/:0
[ 2777013ms] [ERROR] Failed to load resource: net::ERR_CONNECTION_REFUSED @ http://localhost:5175/:0
[ 2780395ms] [ERROR] Failed to load resource: net::ERR_CONNECTION_REFUSED @ http://localhost:5175/:0
[ 2783762ms] [ERROR] Failed to load resource: net::ERR_CONNECTION_REFUSED @ http://localhost:5175/:0
[ 2787128ms] [ERROR] Failed to load resource: net::ERR_CONNECTION_REFUSED @ http://localhost:5175/:0
[ 2790514ms] [ERROR] Failed to load resource: net::ERR_CONNECTION_REFUSED @ http://localhost:5175/:0
[ 2793865ms] [ERROR] Failed to load resource: net::ERR_CONNECTION_REFUSED @ http://localhost:5175/:0
[ 2797234ms] [ERROR] Failed to load resource: net::ERR_CONNECTION_REFUSED @ http://localhost:5175/:0
[ 2800603ms] [ERROR] Failed to load resource: net::ERR_CONNECTION_REFUSED @ http://localhost:5175/:0
[ 2803954ms] [ERROR] Failed to load resource: net::ERR_CONNECTION_REFUSED @ http://localhost:5175/:0
[ 2807320ms] [ERROR] Failed to load resource: net::ERR_CONNECTION_REFUSED @ http://localhost:5175/:0
[ 2810687ms] [ERROR] Failed to load resource: net::ERR_CONNECTION_REFUSED @ http://localhost:5175/:0
[ 2814065ms] [ERROR] Failed to load resource: net::ERR_CONNECTION_REFUSED @ http://localhost:5175/:0
[ 2817418ms] [ERROR] Failed to load resource: net::ERR_CONNECTION_REFUSED @ http://localhost:5175/:0
[ 2820779ms] [ERROR] Failed to load resource: net::ERR_CONNECTION_REFUSED @ http://localhost:5175/:0
[ 2824145ms] [ERROR] Failed to load resource: net::ERR_CONNECTION_REFUSED @ http://localhost:5175/:0
[ 2827499ms] [ERROR] Failed to load resource: net::ERR_CONNECTION_REFUSED @ http://localhost:5175/:0
[ 2830852ms] [ERROR] Failed to load resource: net::ERR_CONNECTION_REFUSED @ http://localhost:5175/:0
[ 2834204ms] [ERROR] Failed to load resource: net::ERR_CONNECTION_REFUSED @ http://localhost:5175/:0
[ 2837583ms] [ERROR] Failed to load resource: net::ERR_CONNECTION_REFUSED @ http://localhost:5175/:0
[ 2840952ms] [ERROR] Failed to load resource: net::ERR_CONNECTION_REFUSED @ http://localhost:5175/:0
[ 2844333ms] [ERROR] Failed to load resource: net::ERR_CONNECTION_REFUSED @ http://localhost:5175/:0
[ 2847702ms] [ERROR] Failed to load resource: net::ERR_CONNECTION_REFUSED @ http://localhost:5175/:0
[ 2851071ms] [ERROR] Failed to load resource: net::ERR_CONNECTION_REFUSED @ http://localhost:5175/:0
[ 2854424ms] [ERROR] Failed to load resource: net::ERR_CONNECTION_REFUSED @ http://localhost:5175/:0
[ 2857807ms] [ERROR] Failed to load resource: net::ERR_CONNECTION_REFUSED @ http://localhost:5175/:0
[ 2861128ms] [ERROR] Failed to load resource: net::ERR_CONNECTION_REFUSED @ http://localhost:5175/:0
[ 2864497ms] [ERROR] Failed to load resource: net::ERR_CONNECTION_REFUSED @ http://localhost:5175/:0
[ 2867861ms] [ERROR] Failed to load resource: net::ERR_CONNECTION_REFUSED @ http://localhost:5175/:0
[ 2871189ms] [ERROR] Failed to load resource: net::ERR_CONNECTION_REFUSED @ http://localhost:5175/:0
[ 2874538ms] [ERROR] Failed to load resource: net::ERR_CONNECTION_REFUSED @ http://localhost:5175/:0
[ 2877922ms] [ERROR] Failed to load resource: net::ERR_CONNECTION_REFUSED @ http://localhost:5175/:0
[ 2881273ms] [ERROR] Failed to load resource: net::ERR_CONNECTION_REFUSED @ http://localhost:5175/:0
[ 2884625ms] [ERROR] Failed to load resource: net::ERR_CONNECTION_REFUSED @ http://localhost:5175/:0
[ 2888007ms] [ERROR] Failed to load resource: net::ERR_CONNECTION_REFUSED @ http://localhost:5175/:0
[ 2891376ms] [ERROR] Failed to load resource: net::ERR_CONNECTION_REFUSED @ http://localhost:5175/:0
[ 2894756ms] [ERROR] Failed to load resource: net::ERR_CONNECTION_REFUSED @ http://localhost:5175/:0
[ 2898111ms] [ERROR] Failed to load resource: net::ERR_CONNECTION_REFUSED @ http://localhost:5175/:0
[ 2901475ms] [ERROR] Failed to load resource: net::ERR_CONNECTION_REFUSED @ http://localhost:5175/:0
[ 2904856ms] [ERROR] Failed to load resource: net::ERR_CONNECTION_REFUSED @ http://localhost:5175/:0
[ 2908241ms] [ERROR] Failed to load resource: net::ERR_CONNECTION_REFUSED @ http://localhost:5175/:0
[ 2911625ms] [ERROR] Failed to load resource: net::ERR_CONNECTION_REFUSED @ http://localhost:5175/:0
[ 2914979ms] [ERROR] Failed to load resource: net::ERR_CONNECTION_REFUSED @ http://localhost:5175/:0
[ 2918351ms] [ERROR] Failed to load resource: net::ERR_CONNECTION_REFUSED @ http://localhost:5175/:0
[ 2921722ms] [ERROR] Failed to load resource: net::ERR_CONNECTION_REFUSED @ http://localhost:5175/:0
[ 2925079ms] [ERROR] Failed to load resource: net::ERR_CONNECTION_REFUSED @ http://localhost:5175/:0
[ 2928462ms] [ERROR] Failed to load resource: net::ERR_CONNECTION_REFUSED @ http://localhost:5175/:0
[ 2931825ms] [ERROR] Failed to load resource: net::ERR_CONNECTION_REFUSED @ http://localhost:5175/:0
[ 2935190ms] [ERROR] Failed to load resource: net::ERR_CONNECTION_REFUSED @ http://localhost:5175/:0
[ 2938561ms] [ERROR] Failed to load resource: net::ERR_CONNECTION_REFUSED @ http://localhost:5175/:0
[ 2941945ms] [ERROR] Failed to load resource: net::ERR_CONNECTION_REFUSED @ http://localhost:5175/:0
[ 2945313ms] [ERROR] Failed to load resource: net::ERR_CONNECTION_REFUSED @ http://localhost:5175/:0
[ 2948696ms] [ERROR] Failed to load resource: net::ERR_CONNECTION_REFUSED @ http://localhost:5175/:0
[ 2952081ms] [ERROR] Failed to load resource: net::ERR_CONNECTION_REFUSED @ http://localhost:5175/:0
[ 2955436ms] [ERROR] Failed to load resource: net::ERR_CONNECTION_REFUSED @ http://localhost:5175/:0
[ 2958802ms] [ERROR] Failed to load resource: net::ERR_CONNECTION_REFUSED @ http://localhost:5175/:0
[ 2962179ms] [ERROR] Failed to load resource: net::ERR_CONNECTION_REFUSED @ http://localhost:5175/:0
[ 2965533ms] [ERROR] Failed to load resource: net::ERR_CONNECTION_REFUSED @ http://localhost:5175/:0
[ 2968916ms] [ERROR] Failed to load resource: net::ERR_CONNECTION_REFUSED @ http://localhost:5175/:0
[ 2972299ms] [ERROR] Failed to load resource: net::ERR_CONNECTION_REFUSED @ http://localhost:5175/:0
[ 2975685ms] [ERROR] Failed to load resource: net::ERR_CONNECTION_REFUSED @ http://localhost:5175/:0
[ 2979055ms] [ERROR] Failed to load resource: net::ERR_CONNECTION_REFUSED @ http://localhost:5175/:0
[ 2982422ms] [ERROR] Failed to load resource: net::ERR_CONNECTION_REFUSED @ http://localhost:5175/:0
[ 2985772ms] [ERROR] Failed to load resource: net::ERR_CONNECTION_REFUSED @ http://localhost:5175/:0
[ 2989139ms] [ERROR] Failed to load resource: net::ERR_CONNECTION_REFUSED @ http://localhost:5175/:0
[ 2992504ms] [ERROR] Failed to load resource: net::ERR_CONNECTION_REFUSED @ http://localhost:5175/:0
[ 2995886ms] [ERROR] Failed to load resource: net::ERR_CONNECTION_REFUSED @ http://localhost:5175/:0
[ 2999269ms] [ERROR] Failed to load resource: net::ERR_CONNECTION_REFUSED @ http://localhost:5175/:0
[ 3002655ms] [ERROR] Failed to load resource: net::ERR_CONNECTION_REFUSED @ http://localhost:5175/:0
[ 3006005ms] [ERROR] Failed to load resource: net::ERR_CONNECTION_REFUSED @ http://localhost:5175/:0
[ 3009375ms] [ERROR] Failed to load resource: net::ERR_CONNECTION_REFUSED @ http://localhost:5175/:0
[ 3012726ms] [ERROR] Failed to load resource: net::ERR_CONNECTION_REFUSED @ http://localhost:5175/:0
[ 3016109ms] [ERROR] Failed to load resource: net::ERR_CONNECTION_REFUSED @ http://localhost:5175/:0
[ 3019478ms] [ERROR] Failed to load resource: net::ERR_CONNECTION_REFUSED @ http://localhost:5175/:0
[ 3022855ms] [ERROR] Failed to load resource: net::ERR_CONNECTION_REFUSED @ http://localhost:5175/:0
[ 3026221ms] [ERROR] Failed to load resource: net::ERR_CONNECTION_REFUSED @ http://localhost:5175/:0
[ 3029576ms] [ERROR] Failed to load resource: net::ERR_CONNECTION_REFUSED @ http://localhost:5175/:0
[ 3032945ms] [ERROR] Failed to load resource: net::ERR_CONNECTION_REFUSED @ http://localhost:5175/:0
[ 3036313ms] [ERROR] Failed to load resource: net::ERR_CONNECTION_REFUSED @ http://localhost:5175/:0
[ 3039666ms] [ERROR] Failed to load resource: net::ERR_CONNECTION_REFUSED @ http://localhost:5175/:0
[ 3043017ms] [ERROR] Failed to load resource: net::ERR_CONNECTION_REFUSED @ http://localhost:5175/:0
[ 3046384ms] [ERROR] Failed to load resource: net::ERR_CONNECTION_REFUSED @ http://localhost:5175/:0
[ 3049763ms] [ERROR] Failed to load resource: net::ERR_CONNECTION_REFUSED @ http://localhost:5175/:0
[ 3053145ms] [ERROR] Failed to load resource: net::ERR_CONNECTION_REFUSED @ http://localhost:5175/:0
[ 3056508ms] [ERROR] Failed to load resource: net::ERR_CONNECTION_REFUSED @ http://localhost:5175/:0
[ 3059878ms] [ERROR] Failed to load resource: net::ERR_CONNECTION_REFUSED @ http://localhost:5175/:0
[ 3063247ms] [ERROR] Failed to load resource: net::ERR_CONNECTION_REFUSED @ http://localhost:5175/:0
[ 3066615ms] [ERROR] Failed to load resource: net::ERR_CONNECTION_REFUSED @ http://localhost:5175/:0
[ 3070000ms] [ERROR] Failed to load resource: net::ERR_CONNECTION_REFUSED @ http://localhost:5175/:0
[ 3073368ms] [ERROR] Failed to load resource: net::ERR_CONNECTION_REFUSED @ http://localhost:5175/:0
[ 3076761ms] [ERROR] Failed to load resource: net::ERR_CONNECTION_REFUSED @ http://localhost:5175/:0
[ 3080143ms] [ERROR] Failed to load resource: net::ERR_CONNECTION_REFUSED @ http://localhost:5175/:0
[ 3083509ms] [ERROR] Failed to load resource: net::ERR_CONNECTION_REFUSED @ http://localhost:5175/:0
[ 3086872ms] [ERROR] Failed to load resource: net::ERR_CONNECTION_REFUSED @ http://localhost:5175/:0
[ 3090226ms] [ERROR] Failed to load resource: net::ERR_CONNECTION_REFUSED @ http://localhost:5175/:0
[ 3093595ms] [ERROR] Failed to load resource: net::ERR_CONNECTION_REFUSED @ http://localhost:5175/:0
[ 3096956ms] [ERROR] Failed to load resource: net::ERR_CONNECTION_REFUSED @ http://localhost:5175/:0
[ 3100323ms] [ERROR] Failed to load resource: net::ERR_CONNECTION_REFUSED @ http://localhost:5175/:0
[ 3103700ms] [ERROR] Failed to load resource: net::ERR_CONNECTION_REFUSED @ http://localhost:5175/:0
[ 3107069ms] [ERROR] Failed to load resource: net::ERR_CONNECTION_REFUSED @ http://localhost:5175/:0
[ 3110453ms] [ERROR] Failed to load resource: net::ERR_CONNECTION_REFUSED @ http://localhost:5175/:0
[ 3113827ms] [ERROR] Failed to load resource: net::ERR_CONNECTION_REFUSED @ http://localhost:5175/:0
[ 3117200ms] [ERROR] Failed to load resource: net::ERR_CONNECTION_REFUSED @ http://localhost:5175/:0
[ 3120570ms] [ERROR] Failed to load resource: net::ERR_CONNECTION_REFUSED @ http://localhost:5175/:0
[ 3123938ms] [ERROR] Failed to load resource: net::ERR_CONNECTION_REFUSED @ http://localhost:5175/:0
[ 3127292ms] [ERROR] Failed to load resource: net::ERR_CONNECTION_REFUSED @ http://localhost:5175/:0
[ 3130677ms] [ERROR] Failed to load resource: net::ERR_CONNECTION_REFUSED @ http://localhost:5175/:0
[ 3134028ms] [ERROR] Failed to load resource: net::ERR_CONNECTION_REFUSED @ http://localhost:5175/:0
[ 3137382ms] [ERROR] Failed to load resource: net::ERR_CONNECTION_REFUSED @ http://localhost:5175/:0
[ 3140753ms] [ERROR] Failed to load resource: net::ERR_CONNECTION_REFUSED @ http://localhost:5175/:0
[ 3144124ms] [ERROR] Failed to load resource: net::ERR_CONNECTION_REFUSED @ http://localhost:5175/:0
[ 3147497ms] [ERROR] Failed to load resource: net::ERR_CONNECTION_REFUSED @ http://localhost:5175/:0
[ 3150880ms] [ERROR] Failed to load resource: net::ERR_CONNECTION_REFUSED @ http://localhost:5175/:0
[ 3154247ms] [ERROR] Failed to load resource: net::ERR_CONNECTION_REFUSED @ http://localhost:5175/:0
[ 3157612ms] [ERROR] Failed to load resource: net::ERR_CONNECTION_REFUSED @ http://localhost:5175/:0
[ 3160982ms] [ERROR] Failed to load resource: net::ERR_CONNECTION_REFUSED @ http://localhost:5175/:0
[ 3164350ms] [ERROR] Failed to load resource: net::ERR_CONNECTION_REFUSED @ http://localhost:5175/:0
[ 3167733ms] [ERROR] Failed to load resource: net::ERR_CONNECTION_REFUSED @ http://localhost:5175/:0
[ 3171101ms] [ERROR] Failed to load resource: net::ERR_CONNECTION_REFUSED @ http://localhost:5175/:0
[ 3174484ms] [ERROR] Failed to load resource: net::ERR_CONNECTION_REFUSED @ http://localhost:5175/:0
[ 3177857ms] [ERROR] Failed to load resource: net::ERR_CONNECTION_REFUSED @ http://localhost:5175/:0
[ 3181224ms] [ERROR] Failed to load resource: net::ERR_CONNECTION_REFUSED @ http://localhost:5175/:0
[ 3184608ms] [ERROR] Failed to load resource: net::ERR_CONNECTION_REFUSED @ http://localhost:5175/:0
[ 3187975ms] [ERROR] Failed to load resource: net::ERR_CONNECTION_REFUSED @ http://localhost:5175/:0
[ 3191345ms] [ERROR] Failed to load resource: net::ERR_CONNECTION_REFUSED @ http://localhost:5175/:0
[ 3194724ms] [ERROR] Failed to load resource: net::ERR_CONNECTION_REFUSED @ http://localhost:5175/:0
[ 3198108ms] [ERROR] Failed to load resource: net::ERR_CONNECTION_REFUSED @ http://localhost:5175/:0
[ 3201476ms] [ERROR] Failed to load resource: net::ERR_CONNECTION_REFUSED @ http://localhost:5175/:0
[ 3204829ms] [ERROR] Failed to load resource: net::ERR_CONNECTION_REFUSED @ http://localhost:5175/:0
[ 3208199ms] [ERROR] Failed to load resource: net::ERR_CONNECTION_REFUSED @ http://localhost:5175/:0
[ 3211579ms] [ERROR] Failed to load resource: net::ERR_CONNECTION_REFUSED @ http://localhost:5175/:0
[ 3214962ms] [ERROR] Failed to load resource: net::ERR_CONNECTION_REFUSED @ http://localhost:5175/:0
[ 3218331ms] [ERROR] Failed to load resource: net::ERR_CONNECTION_REFUSED @ http://localhost:5175/:0
[ 3221685ms] [ERROR] Failed to load resource: net::ERR_CONNECTION_REFUSED @ http://localhost:5175/:0
[ 3225055ms] [ERROR] Failed to load resource: net::ERR_CONNECTION_REFUSED @ http://localhost:5175/:0
[ 3228423ms] [ERROR] Failed to load resource: net::ERR_CONNECTION_REFUSED @ http://localhost:5175/:0
[ 3231806ms] [ERROR] Failed to load resource: net::ERR_CONNECTION_REFUSED @ http://localhost:5175/:0
[ 3235174ms] [ERROR] Failed to load resource: net::ERR_CONNECTION_REFUSED @ http://localhost:5175/:0
[ 3238529ms] [ERROR] Failed to load resource: net::ERR_CONNECTION_REFUSED @ http://localhost:5175/:0
[ 3241876ms] [ERROR] Failed to load resource: net::ERR_CONNECTION_REFUSED @ http://localhost:5175/:0
[ 3245245ms] [ERROR] Failed to load resource: net::ERR_CONNECTION_REFUSED @ http://localhost:5175/:0
[ 3248599ms] [ERROR] Failed to load resource: net::ERR_CONNECTION_REFUSED @ http://localhost:5175/:0
[ 3251953ms] [ERROR] Failed to load resource: net::ERR_CONNECTION_REFUSED @ http://localhost:5175/:0
[ 3255331ms] [ERROR] Failed to load resource: net::ERR_CONNECTION_REFUSED @ http://localhost:5175/:0
[ 3258698ms] [ERROR] Failed to load resource: net::ERR_CONNECTION_REFUSED @ http://localhost:5175/:0
[ 3262051ms] [ERROR] Failed to load resource: net::ERR_CONNECTION_REFUSED @ http://localhost:5175/:0
[ 3265435ms] [ERROR] Failed to load resource: net::ERR_CONNECTION_REFUSED @ http://localhost:5175/:0
[ 3268756ms] [ERROR] Failed to load resource: net::ERR_CONNECTION_REFUSED @ http://localhost:5175/:0
[ 3272134ms] [ERROR] Failed to load resource: net::ERR_CONNECTION_REFUSED @ http://localhost:5175/:0
[ 3275503ms] [ERROR] Failed to load resource: net::ERR_CONNECTION_REFUSED @ http://localhost:5175/:0
[ 3278871ms] [ERROR] Failed to load resource: net::ERR_CONNECTION_REFUSED @ http://localhost:5175/:0
[ 3282226ms] [ERROR] Failed to load resource: net::ERR_CONNECTION_REFUSED @ http://localhost:5175/:0
[ 3285591ms] [ERROR] Failed to load resource: net::ERR_CONNECTION_REFUSED @ http://localhost:5175/:0
[ 3288975ms] [ERROR] Failed to load resource: net::ERR_CONNECTION_REFUSED @ http://localhost:5175/:0
[ 3292357ms] [ERROR] Failed to load resource: net::ERR_CONNECTION_REFUSED @ http://localhost:5175/:0
[ 3295693ms] [ERROR] Failed to load resource: net::ERR_CONNECTION_REFUSED @ http://localhost:5175/:0
[ 3299060ms] [ERROR] Failed to load resource: net::ERR_CONNECTION_REFUSED @ http://localhost:5175/:0
[ 3302440ms] [ERROR] Failed to load resource: net::ERR_CONNECTION_REFUSED @ http://localhost:5175/:0
[ 3305796ms] [ERROR] Failed to load resource: net::ERR_CONNECTION_REFUSED @ http://localhost:5175/:0
[ 3309179ms] [ERROR] Failed to load resource: net::ERR_CONNECTION_REFUSED @ http://localhost:5175/:0
[ 3312539ms] [ERROR] Failed to load resource: net::ERR_CONNECTION_REFUSED @ http://localhost:5175/:0
[ 3315899ms] [ERROR] Failed to load resource: net::ERR_CONNECTION_REFUSED @ http://localhost:5175/:0
[ 3319281ms] [ERROR] Failed to load resource: net::ERR_CONNECTION_REFUSED @ http://localhost:5175/:0
[ 3322647ms] [ERROR] Failed to load resource: net::ERR_CONNECTION_REFUSED @ http://localhost:5175/:0
[ 3326000ms] [ERROR] Failed to load resource: net::ERR_CONNECTION_REFUSED @ http://localhost:5175/:0
[ 3329348ms] [ERROR] Failed to load resource: net::ERR_CONNECTION_REFUSED @ http://localhost:5175/:0
[ 3332711ms] [ERROR] Failed to load resource: net::ERR_CONNECTION_REFUSED @ http://localhost:5175/:0
[ 3336081ms] [ERROR] Failed to load resource: net::ERR_CONNECTION_REFUSED @ http://localhost:5175/:0
[ 3339448ms] [ERROR] Failed to load resource: net::ERR_CONNECTION_REFUSED @ http://localhost:5175/:0
[ 3342833ms] [ERROR] Failed to load resource: net::ERR_CONNECTION_REFUSED @ http://localhost:5175/:0
[ 3346170ms] [ERROR] Failed to load resource: net::ERR_CONNECTION_REFUSED @ http://localhost:5175/:0
[ 3349540ms] [ERROR] Failed to load resource: net::ERR_CONNECTION_REFUSED @ http://localhost:5175/:0
[ 3352924ms] [ERROR] Failed to load resource: net::ERR_CONNECTION_REFUSED @ http://localhost:5175/:0
[ 3356293ms] [ERROR] Failed to load resource: net::ERR_CONNECTION_REFUSED @ http://localhost:5175/:0
[ 3359642ms] [ERROR] Failed to load resource: net::ERR_CONNECTION_REFUSED @ http://localhost:5175/:0
[ 3363026ms] [ERROR] Failed to load resource: net::ERR_CONNECTION_REFUSED @ http://localhost:5175/:0
[ 3366374ms] [ERROR] Failed to load resource: net::ERR_CONNECTION_REFUSED @ http://localhost:5175/:0
[ 3369759ms] [ERROR] Failed to load resource: net::ERR_CONNECTION_REFUSED @ http://localhost:5175/:0
[ 3373124ms] [ERROR] Failed to load resource: net::ERR_CONNECTION_REFUSED @ http://localhost:5175/:0
[ 3376508ms] [ERROR] Failed to load resource: net::ERR_CONNECTION_REFUSED @ http://localhost:5175/:0
[ 3379878ms] [ERROR] Failed to load resource: net::ERR_CONNECTION_REFUSED @ http://localhost:5175/:0
[ 3383258ms] [ERROR] Failed to load resource: net::ERR_CONNECTION_REFUSED @ http://localhost:5175/:0
[ 3386626ms] [ERROR] Failed to load resource: net::ERR_CONNECTION_REFUSED @ http://localhost:5175/:0
[ 3390004ms] [ERROR] Failed to load resource: net::ERR_CONNECTION_REFUSED @ http://localhost:5175/:0
[ 3393388ms] [ERROR] Failed to load resource: net::ERR_CONNECTION_REFUSED @ http://localhost:5175/:0
[ 3396736ms] [ERROR] Failed to load resource: net::ERR_CONNECTION_REFUSED @ http://localhost:5175/:0
[ 3400107ms] [ERROR] Failed to load resource: net::ERR_CONNECTION_REFUSED @ http://localhost:5175/:0
[ 3403456ms] [ERROR] Failed to load resource: net::ERR_CONNECTION_REFUSED @ http://localhost:5175/:0
[ 3406806ms] [ERROR] Failed to load resource: net::ERR_CONNECTION_REFUSED @ http://localhost:5175/:0
[ 3410171ms] [ERROR] Failed to load resource: net::ERR_CONNECTION_REFUSED @ http://localhost:5175/:0
[ 3413547ms] [ERROR] Failed to load resource: net::ERR_CONNECTION_REFUSED @ http://localhost:5175/:0
[ 3416915ms] [ERROR] Failed to load resource: net::ERR_CONNECTION_REFUSED @ http://localhost:5175/:0
[ 3420295ms] [ERROR] Failed to load resource: net::ERR_CONNECTION_REFUSED @ http://localhost:5175/:0
[ 3423657ms] [ERROR] Failed to load resource: net::ERR_CONNECTION_REFUSED @ http://localhost:5175/:0
[ 3427035ms] [ERROR] Failed to load resource: net::ERR_CONNECTION_REFUSED @ http://localhost:5175/:0
[ 3430418ms] [ERROR] Failed to load resource: net::ERR_CONNECTION_REFUSED @ http://localhost:5175/:0
[ 3433785ms] [ERROR] Failed to load resource: net::ERR_CONNECTION_REFUSED @ http://localhost:5175/:0
[ 3437153ms] [ERROR] Failed to load resource: net::ERR_CONNECTION_REFUSED @ http://localhost:5175/:0
[ 3440492ms] [ERROR] Failed to load resource: net::ERR_CONNECTION_REFUSED @ http://localhost:5175/:0
[ 3443858ms] [ERROR] Failed to load resource: net::ERR_CONNECTION_REFUSED @ http://localhost:5175/:0
[ 3447224ms] [ERROR] Failed to load resource: net::ERR_CONNECTION_REFUSED @ http://localhost:5175/:0
[ 3450607ms] [ERROR] Failed to load resource: net::ERR_CONNECTION_REFUSED @ http://localhost:5175/:0
[ 3453973ms] [ERROR] Failed to load resource: net::ERR_CONNECTION_REFUSED @ http://localhost:5175/:0
[ 3457325ms] [ERROR] Failed to load resource: net::ERR_CONNECTION_REFUSED @ http://localhost:5175/:0
[ 3460691ms] [ERROR] Failed to load resource: net::ERR_CONNECTION_REFUSED @ http://localhost:5175/:0
[ 3464043ms] [ERROR] Failed to load resource: net::ERR_CONNECTION_REFUSED @ http://localhost:5175/:0
[ 3467398ms] [ERROR] Failed to load resource: net::ERR_CONNECTION_REFUSED @ http://localhost:5175/:0
[ 3470729ms] [ERROR] Failed to load resource: net::ERR_CONNECTION_REFUSED @ http://localhost:5175/:0
[ 3474110ms] [ERROR] Failed to load resource: net::ERR_CONNECTION_REFUSED @ http://localhost:5175/:0
[ 3477488ms] [ERROR] Failed to load resource: net::ERR_CONNECTION_REFUSED @ http://localhost:5175/:0
[ 3480827ms] [ERROR] Failed to load resource: net::ERR_CONNECTION_REFUSED @ http://localhost:5175/:0
[ 3484181ms] [ERROR] Failed to load resource: net::ERR_CONNECTION_REFUSED @ http://localhost:5175/:0
[ 3487554ms] [ERROR] Failed to load resource: net::ERR_CONNECTION_REFUSED @ http://localhost:5175/:0
[ 3490923ms] [ERROR] Failed to load resource: net::ERR_CONNECTION_REFUSED @ http://localhost:5175/:0
[ 3494290ms] [ERROR] Failed to load resource: net::ERR_CONNECTION_REFUSED @ http://localhost:5175/:0
[ 3497644ms] [ERROR] Failed to load resource: net::ERR_CONNECTION_REFUSED @ http://localhost:5175/:0
[ 3501012ms] [ERROR] Failed to load resource: net::ERR_CONNECTION_REFUSED @ http://localhost:5175/:0
[ 3504361ms] [ERROR] Failed to load resource: net::ERR_CONNECTION_REFUSED @ http://localhost:5175/:0
[ 3507724ms] [ERROR] Failed to load resource: net::ERR_CONNECTION_REFUSED @ http://localhost:5175/:0
[ 3511091ms] [ERROR] Failed to load resource: net::ERR_CONNECTION_REFUSED @ http://localhost:5175/:0
[ 3514474ms] [ERROR] Failed to load resource: net::ERR_CONNECTION_REFUSED @ http://localhost:5175/:0
[ 3517856ms] [ERROR] Failed to load resource: net::ERR_CONNECTION_REFUSED @ http://localhost:5175/:0
[ 3521204ms] [ERROR] Failed to load resource: net::ERR_CONNECTION_REFUSED @ http://localhost:5175/:0
[ 3524589ms] [ERROR] Failed to load resource: net::ERR_CONNECTION_REFUSED @ http://localhost:5175/:0
[ 3527938ms] [ERROR] Failed to load resource: net::ERR_CONNECTION_REFUSED @ http://localhost:5175/:0
[ 3531292ms] [ERROR] Failed to load resource: net::ERR_CONNECTION_REFUSED @ http://localhost:5175/:0
[ 3534657ms] [ERROR] Failed to load resource: net::ERR_CONNECTION_REFUSED @ http://localhost:5175/:0
[ 3538020ms] [ERROR] Failed to load resource: net::ERR_CONNECTION_REFUSED @ http://localhost:5175/:0
[ 3541390ms] [ERROR] Failed to load resource: net::ERR_CONNECTION_REFUSED @ http://localhost:5175/:0
[ 3544756ms] [ERROR] Failed to load resource: net::ERR_CONNECTION_REFUSED @ http://localhost:5175/:0
[ 3548124ms] [ERROR] Failed to load resource: net::ERR_CONNECTION_REFUSED @ http://localhost:5175/:0
[ 3551502ms] [ERROR] Failed to load resource: net::ERR_CONNECTION_REFUSED @ http://localhost:5175/:0
[ 3554871ms] [ERROR] Failed to load resource: net::ERR_CONNECTION_REFUSED @ http://localhost:5175/:0
[ 3558239ms] [ERROR] Failed to load resource: net::ERR_CONNECTION_REFUSED @ http://localhost:5175/:0
[ 3561607ms] [ERROR] Failed to load resource: net::ERR_CONNECTION_REFUSED @ http://localhost:5175/:0
[ 3564958ms] [ERROR] Failed to load resource: net::ERR_CONNECTION_REFUSED @ http://localhost:5175/:0
[ 3568321ms] [ERROR] Failed to load resource: net::ERR_CONNECTION_REFUSED @ http://localhost:5175/:0
[ 3571689ms] [ERROR] Failed to load resource: net::ERR_CONNECTION_REFUSED @ http://localhost:5175/:0
[ 3575041ms] [ERROR] Failed to load resource: net::ERR_CONNECTION_REFUSED @ http://localhost:5175/:0
[ 3578409ms] [ERROR] Failed to load resource: net::ERR_CONNECTION_REFUSED @ http://localhost:5175/:0
[ 3581771ms] [ERROR] Failed to load resource: net::ERR_CONNECTION_REFUSED @ http://localhost:5175/:0
[ 3585141ms] [ERROR] Failed to load resource: net::ERR_CONNECTION_REFUSED @ http://localhost:5175/:0
[ 3588508ms] [ERROR] Failed to load resource: net::ERR_CONNECTION_REFUSED @ http://localhost:5175/:0
[ 3591878ms] [ERROR] Failed to load resource: net::ERR_CONNECTION_REFUSED @ http://localhost:5175/:0
[ 3595261ms] [ERROR] Failed to load resource: net::ERR_CONNECTION_REFUSED @ http://localhost:5175/:0
[ 3598625ms] [ERROR] Failed to load resource: net::ERR_CONNECTION_REFUSED @ http://localhost:5175/:0
[ 3601980ms] [ERROR] Failed to load resource: net::ERR_CONNECTION_REFUSED @ http://localhost:5175/:0
[ 3605318ms] [ERROR] Failed to load resource: net::ERR_CONNECTION_REFUSED @ http://localhost:5175/:0
[ 3608685ms] [ERROR] Failed to load resource: net::ERR_CONNECTION_REFUSED @ http://localhost:5175/:0
[ 3612063ms] [ERROR] Failed to load resource: net::ERR_CONNECTION_REFUSED @ http://localhost:5175/:0
[ 3615437ms] [ERROR] Failed to load resource: net::ERR_CONNECTION_REFUSED @ http://localhost:5175/:0
[ 3618806ms] [ERROR] Failed to load resource: net::ERR_CONNECTION_REFUSED @ http://localhost:5175/:0
[ 3622189ms] [ERROR] Failed to load resource: net::ERR_CONNECTION_REFUSED @ http://localhost:5175/:0
[ 3625570ms] [ERROR] Failed to load resource: net::ERR_CONNECTION_REFUSED @ http://localhost:5175/:0
[ 3628928ms] [ERROR] Failed to load resource: net::ERR_CONNECTION_REFUSED @ http://localhost:5175/:0
[ 3632269ms] [ERROR] Failed to load resource: net::ERR_CONNECTION_REFUSED @ http://localhost:5175/:0
[ 3635638ms] [ERROR] Failed to load resource: net::ERR_CONNECTION_REFUSED @ http://localhost:5175/:0
[ 3639005ms] [ERROR] Failed to load resource: net::ERR_CONNECTION_REFUSED @ http://localhost:5175/:0
[ 3642357ms] [ERROR] Failed to load resource: net::ERR_CONNECTION_REFUSED @ http://localhost:5175/:0
[ 3645732ms] [ERROR] Failed to load resource: net::ERR_CONNECTION_REFUSED @ http://localhost:5175/:0
[ 3649098ms] [ERROR] Failed to load resource: net::ERR_CONNECTION_REFUSED @ http://localhost:5175/:0
[ 3652464ms] [ERROR] Failed to load resource: net::ERR_CONNECTION_REFUSED @ http://localhost:5175/:0
[ 3655835ms] [ERROR] Failed to load resource: net::ERR_CONNECTION_REFUSED @ http://localhost:5175/:0
[ 3659182ms] [ERROR] Failed to load resource: net::ERR_CONNECTION_REFUSED @ http://localhost:5175/:0
[ 3662548ms] [ERROR] Failed to load resource: net::ERR_CONNECTION_REFUSED @ http://localhost:5175/:0
[ 3665916ms] [ERROR] Failed to load resource: net::ERR_CONNECTION_REFUSED @ http://localhost:5175/:0
[ 3669284ms] [ERROR] Failed to load resource: net::ERR_CONNECTION_REFUSED @ http://localhost:5175/:0
[ 3672668ms] [ERROR] Failed to load resource: net::ERR_CONNECTION_REFUSED @ http://localhost:5175/:0
[ 3676020ms] [ERROR] Failed to load resource: net::ERR_CONNECTION_REFUSED @ http://localhost:5175/:0
[ 3679406ms] [ERROR] Failed to load resource: net::ERR_CONNECTION_REFUSED @ http://localhost:5175/:0
[ 3682772ms] [ERROR] Failed to load resource: net::ERR_CONNECTION_REFUSED @ http://localhost:5175/:0
[ 3686140ms] [ERROR] Failed to load resource: net::ERR_CONNECTION_REFUSED @ http://localhost:5175/:0
[ 3689498ms] [ERROR] Failed to load resource: net::ERR_CONNECTION_REFUSED @ http://localhost:5175/:0
[ 3692878ms] [ERROR] Failed to load resource: net::ERR_CONNECTION_REFUSED @ http://localhost:5175/:0
[ 3696263ms] [ERROR] Failed to load resource: net::ERR_CONNECTION_REFUSED @ http://localhost:5175/:0
[ 3699628ms] [ERROR] Failed to load resource: net::ERR_CONNECTION_REFUSED @ http://localhost:5175/:0
[ 3703011ms] [ERROR] Failed to load resource: net::ERR_CONNECTION_REFUSED @ http://localhost:5175/:0
[ 3706377ms] [ERROR] Failed to load resource: net::ERR_CONNECTION_REFUSED @ http://localhost:5175/:0
[ 3709730ms] [ERROR] Failed to load resource: net::ERR_CONNECTION_REFUSED @ http://localhost:5175/:0
[ 3713097ms] [ERROR] Failed to load resource: net::ERR_CONNECTION_REFUSED @ http://localhost:5175/:0
[ 3716464ms] [ERROR] Failed to load resource: net::ERR_CONNECTION_REFUSED @ http://localhost:5175/:0
[ 3719845ms] [ERROR] Failed to load resource: net::ERR_CONNECTION_REFUSED @ http://localhost:5175/:0
[ 3723224ms] [ERROR] Failed to load resource: net::ERR_CONNECTION_REFUSED @ http://localhost:5175/:0
[ 3726573ms] [ERROR] Failed to load resource: net::ERR_CONNECTION_REFUSED @ http://localhost:5175/:0
[ 3729935ms] [ERROR] Failed to load resource: net::ERR_CONNECTION_REFUSED @ http://localhost:5175/:0
[ 3733316ms] [ERROR] Failed to load resource: net::ERR_CONNECTION_REFUSED @ http://localhost:5175/:0
[ 3736694ms] [ERROR] Failed to load resource: net::ERR_CONNECTION_REFUSED @ http://localhost:5175/:0
[ 3740061ms] [ERROR] Failed to load resource: net::ERR_CONNECTION_REFUSED @ http://localhost:5175/:0
[ 3743429ms] [ERROR] Failed to load resource: net::ERR_CONNECTION_REFUSED @ http://localhost:5175/:0
[ 3746799ms] [ERROR] Failed to load resource: net::ERR_CONNECTION_REFUSED @ http://localhost:5175/:0
[ 3750181ms] [ERROR] Failed to load resource: net::ERR_CONNECTION_REFUSED @ http://localhost:5175/:0
[ 3753532ms] [ERROR] Failed to load resource: net::ERR_CONNECTION_REFUSED @ http://localhost:5175/:0
[ 3756884ms] [ERROR] Failed to load resource: net::ERR_CONNECTION_REFUSED @ http://localhost:5175/:0
[ 3760252ms] [ERROR] Failed to load resource: net::ERR_CONNECTION_REFUSED @ http://localhost:5175/:0
[ 3763617ms] [ERROR] Failed to load resource: net::ERR_CONNECTION_REFUSED @ http://localhost:5175/:0
[ 3766994ms] [ERROR] Failed to load resource: net::ERR_CONNECTION_REFUSED @ http://localhost:5175/:0
[ 3770362ms] [ERROR] Failed to load resource: net::ERR_CONNECTION_REFUSED @ http://localhost:5175/:0
[ 3773719ms] [ERROR] Failed to load resource: net::ERR_CONNECTION_REFUSED @ http://localhost:5175/:0
[ 3777087ms] [ERROR] Failed to load resource: net::ERR_CONNECTION_REFUSED @ http://localhost:5175/:0
[ 3780452ms] [ERROR] Failed to load resource: net::ERR_CONNECTION_REFUSED @ http://localhost:5175/:0
[ 3783817ms] [ERROR] Failed to load resource: net::ERR_CONNECTION_REFUSED @ http://localhost:5175/:0
[ 3787192ms] [ERROR] Failed to load resource: net::ERR_CONNECTION_REFUSED @ http://localhost:5175/:0
[ 3790558ms] [ERROR] Failed to load resource: net::ERR_CONNECTION_REFUSED @ http://localhost:5175/:0
[ 3793896ms] [ERROR] Failed to load resource: net::ERR_CONNECTION_REFUSED @ http://localhost:5175/:0
[ 3797281ms] [ERROR] Failed to load resource: net::ERR_CONNECTION_REFUSED @ http://localhost:5175/:0
[ 3800644ms] [ERROR] Failed to load resource: net::ERR_CONNECTION_REFUSED @ http://localhost:5175/:0
[ 3804009ms] [ERROR] Failed to load resource: net::ERR_CONNECTION_REFUSED @ http://localhost:5175/:0
[ 3807365ms] [ERROR] Failed to load resource: net::ERR_CONNECTION_REFUSED @ http://localhost:5175/:0
[ 3810731ms] [ERROR] Failed to load resource: net::ERR_CONNECTION_REFUSED @ http://localhost:5175/:0
[ 3814102ms] [ERROR] Failed to load resource: net::ERR_CONNECTION_REFUSED @ http://localhost:5175/:0
[ 3817468ms] [ERROR] Failed to load resource: net::ERR_CONNECTION_REFUSED @ http://localhost:5175/:0
[ 3820836ms] [ERROR] Failed to load resource: net::ERR_CONNECTION_REFUSED @ http://localhost:5175/:0
[ 3824200ms] [ERROR] Failed to load resource: net::ERR_CONNECTION_REFUSED @ http://localhost:5175/:0
[ 3827554ms] [ERROR] Failed to load resource: net::ERR_CONNECTION_REFUSED @ http://localhost:5175/:0
[ 3830917ms] [ERROR] Failed to load resource: net::ERR_CONNECTION_REFUSED @ http://localhost:5175/:0
[ 3834282ms] [ERROR] Failed to load resource: net::ERR_CONNECTION_REFUSED @ http://localhost:5175/:0
[ 3837635ms] [ERROR] Failed to load resource: net::ERR_CONNECTION_REFUSED @ http://localhost:5175/:0
[ 3840987ms] [ERROR] Failed to load resource: net::ERR_CONNECTION_REFUSED @ http://localhost:5175/:0
[ 3844356ms] [ERROR] Failed to load resource: net::ERR_CONNECTION_REFUSED @ http://localhost:5175/:0
[ 3847709ms] [ERROR] Failed to load resource: net::ERR_CONNECTION_REFUSED @ http://localhost:5175/:0
[ 3851077ms] [ERROR] Failed to load resource: net::ERR_CONNECTION_REFUSED @ http://localhost:5175/:0
[ 3854444ms] [ERROR] Failed to load resource: net::ERR_CONNECTION_REFUSED @ http://localhost:5175/:0
[ 3857812ms] [ERROR] Failed to load resource: net::ERR_CONNECTION_REFUSED @ http://localhost:5175/:0
[ 3861188ms] [ERROR] Failed to load resource: net::ERR_CONNECTION_REFUSED @ http://localhost:5175/:0
[ 3864539ms] [ERROR] Failed to load resource: net::ERR_CONNECTION_REFUSED @ http://localhost:5175/:0
[ 3867882ms] [ERROR] Failed to load resource: net::ERR_CONNECTION_REFUSED @ http://localhost:5175/:0
[ 3871248ms] [ERROR] Failed to load resource: net::ERR_CONNECTION_REFUSED @ http://localhost:5175/:0
[ 3874615ms] [ERROR] Failed to load resource: net::ERR_CONNECTION_REFUSED @ http://localhost:5175/:0
[ 3877997ms] [ERROR] Failed to load resource: net::ERR_CONNECTION_REFUSED @ http://localhost:5175/:0
[ 3881367ms] [ERROR] Failed to load resource: net::ERR_CONNECTION_REFUSED @ http://localhost:5175/:0
[ 3884736ms] [ERROR] Failed to load resource: net::ERR_CONNECTION_REFUSED @ http://localhost:5175/:0
[ 3888089ms] [ERROR] Failed to load resource: net::ERR_CONNECTION_REFUSED @ http://localhost:5175/:0
[ 3891468ms] [ERROR] Failed to load resource: net::ERR_CONNECTION_REFUSED @ http://localhost:5175/:0
[ 3894836ms] [ERROR] Failed to load resource: net::ERR_CONNECTION_REFUSED @ http://localhost:5175/:0
[ 3898204ms] [ERROR] Failed to load resource: net::ERR_CONNECTION_REFUSED @ http://localhost:5175/:0
[ 3901551ms] [ERROR] Failed to load resource: net::ERR_CONNECTION_REFUSED @ http://localhost:5175/:0
[ 3904903ms] [ERROR] Failed to load resource: net::ERR_CONNECTION_REFUSED @ http://localhost:5175/:0
[ 3908271ms] [ERROR] Failed to load resource: net::ERR_CONNECTION_REFUSED @ http://localhost:5175/:0
[ 3911655ms] [ERROR] Failed to load resource: net::ERR_CONNECTION_REFUSED @ http://localhost:5175/:0
[ 3915023ms] [ERROR] Failed to load resource: net::ERR_CONNECTION_REFUSED @ http://localhost:5175/:0
[ 3918392ms] [ERROR] Failed to load resource: net::ERR_CONNECTION_REFUSED @ http://localhost:5175/:0
[ 3921764ms] [ERROR] Failed to load resource: net::ERR_CONNECTION_REFUSED @ http://localhost:5175/:0
[ 3925116ms] [ERROR] Failed to load resource: net::ERR_CONNECTION_REFUSED @ http://localhost:5175/:0
[ 3928469ms] [ERROR] Failed to load resource: net::ERR_CONNECTION_REFUSED @ http://localhost:5175/:0
[ 3931833ms] [ERROR] Failed to load resource: net::ERR_CONNECTION_REFUSED @ http://localhost:5175/:0
[ 3935200ms] [ERROR] Failed to load resource: net::ERR_CONNECTION_REFUSED @ http://localhost:5175/:0
[ 3938568ms] [ERROR] Failed to load resource: net::ERR_CONNECTION_REFUSED @ http://localhost:5175/:0
[ 3941935ms] [ERROR] Failed to load resource: net::ERR_CONNECTION_REFUSED @ http://localhost:5175/:0
[ 3945303ms] [ERROR] Failed to load resource: net::ERR_CONNECTION_REFUSED @ http://localhost:5175/:0
[ 3948672ms] [ERROR] Failed to load resource: net::ERR_CONNECTION_REFUSED @ http://localhost:5175/:0
[ 3952038ms] [ERROR] Failed to load resource: net::ERR_CONNECTION_REFUSED @ http://localhost:5175/:0
[ 3955418ms] [ERROR] Failed to load resource: net::ERR_CONNECTION_REFUSED @ http://localhost:5175/:0
[ 3958802ms] [ERROR] Failed to load resource: net::ERR_CONNECTION_REFUSED @ http://localhost:5175/:0
[ 3962181ms] [ERROR] Failed to load resource: net::ERR_CONNECTION_REFUSED @ http://localhost:5175/:0
[ 3965519ms] [ERROR] Failed to load resource: net::ERR_CONNECTION_REFUSED @ http://localhost:5175/:0
[ 3968883ms] [ERROR] Failed to load resource: net::ERR_CONNECTION_REFUSED @ http://localhost:5175/:0
[ 3972246ms] [ERROR] Failed to load resource: net::ERR_CONNECTION_REFUSED @ http://localhost:5175/:0
[ 3975600ms] [ERROR] Failed to load resource: net::ERR_CONNECTION_REFUSED @ http://localhost:5175/:0
[ 3978965ms] [ERROR] Failed to load resource: net::ERR_CONNECTION_REFUSED @ http://localhost:5175/:0
[ 3982330ms] [ERROR] Failed to load resource: net::ERR_CONNECTION_REFUSED @ http://localhost:5175/:0
[ 3985674ms] [ERROR] Failed to load resource: net::ERR_CONNECTION_REFUSED @ http://localhost:5175/:0
[ 3989043ms] [ERROR] Failed to load resource: net::ERR_CONNECTION_REFUSED @ http://localhost:5175/:0
[ 3992407ms] [ERROR] Failed to load resource: net::ERR_CONNECTION_REFUSED @ http://localhost:5175/:0
[ 3995792ms] [ERROR] Failed to load resource: net::ERR_CONNECTION_REFUSED @ http://localhost:5175/:0
[ 3999159ms] [ERROR] Failed to load resource: net::ERR_CONNECTION_REFUSED @ http://localhost:5175/:0
[ 4002529ms] [ERROR] Failed to load resource: net::ERR_CONNECTION_REFUSED @ http://localhost:5175/:0
[ 4005899ms] [ERROR] Failed to load resource: net::ERR_CONNECTION_REFUSED @ http://localhost:5175/:0
[ 4009282ms] [ERROR] Failed to load resource: net::ERR_CONNECTION_REFUSED @ http://localhost:5175/:0
[ 4012662ms] [ERROR] Failed to load resource: net::ERR_CONNECTION_REFUSED @ http://localhost:5175/:0
[ 4016009ms] [ERROR] Failed to load resource: net::ERR_CONNECTION_REFUSED @ http://localhost:5175/:0
[ 4019393ms] [ERROR] Failed to load resource: net::ERR_CONNECTION_REFUSED @ http://localhost:5175/:0
[ 4022742ms] [ERROR] Failed to load resource: net::ERR_CONNECTION_REFUSED @ http://localhost:5175/:0
[ 4026112ms] [ERROR] Failed to load resource: net::ERR_CONNECTION_REFUSED @ http://localhost:5175/:0
[ 4029479ms] [ERROR] Failed to load resource: net::ERR_CONNECTION_REFUSED @ http://localhost:5175/:0
[ 4032845ms] [ERROR] Failed to load resource: net::ERR_CONNECTION_REFUSED @ http://localhost:5175/:0
[ 4036187ms] [ERROR] Failed to load resource: net::ERR_CONNECTION_REFUSED @ http://localhost:5175/:0
[ 4039557ms] [ERROR] Failed to load resource: net::ERR_CONNECTION_REFUSED @ http://localhost:5175/:0
[ 4042938ms] [ERROR] Failed to load resource: net::ERR_CONNECTION_REFUSED @ http://localhost:5175/:0
[ 4046316ms] [ERROR] Failed to load resource: net::ERR_CONNECTION_REFUSED @ http://localhost:5175/:0
[ 4049670ms] [ERROR] Failed to load resource: net::ERR_CONNECTION_REFUSED @ http://localhost:5175/:0
[ 4053035ms] [ERROR] Failed to load resource: net::ERR_CONNECTION_REFUSED @ http://localhost:5175/:0
[ 4056419ms] [ERROR] Failed to load resource: net::ERR_CONNECTION_REFUSED @ http://localhost:5175/:0
[ 4059757ms] [ERROR] Failed to load resource: net::ERR_CONNECTION_REFUSED @ http://localhost:5175/:0
[ 4063141ms] [ERROR] Failed to load resource: net::ERR_CONNECTION_REFUSED @ http://localhost:5175/:0
[ 4066509ms] [ERROR] Failed to load resource: net::ERR_CONNECTION_REFUSED @ http://localhost:5175/:0
[ 4069876ms] [ERROR] Failed to load resource: net::ERR_CONNECTION_REFUSED @ http://localhost:5175/:0
[ 4073258ms] [ERROR] Failed to load resource: net::ERR_CONNECTION_REFUSED @ http://localhost:5175/:0
[ 4076637ms] [ERROR] Failed to load resource: net::ERR_CONNECTION_REFUSED @ http://localhost:5175/:0
[ 4080000ms] [ERROR] Failed to load resource: net::ERR_CONNECTION_REFUSED @ http://localhost:5175/:0
[ 4083360ms] [ERROR] Failed to load resource: net::ERR_CONNECTION_REFUSED @ http://localhost:5175/:0
[ 4086729ms] [ERROR] Failed to load resource: net::ERR_CONNECTION_REFUSED @ http://localhost:5175/:0
[ 4090097ms] [ERROR] Failed to load resource: net::ERR_CONNECTION_REFUSED @ http://localhost:5175/:0
[ 4093481ms] [ERROR] Failed to load resource: net::ERR_CONNECTION_REFUSED @ http://localhost:5175/:0
[ 4096857ms] [ERROR] Failed to load resource: net::ERR_CONNECTION_REFUSED @ http://localhost:5175/:0
[ 4100241ms] [ERROR] Failed to load resource: net::ERR_CONNECTION_REFUSED @ http://localhost:5175/:0
[ 4103624ms] [ERROR] Failed to load resource: net::ERR_CONNECTION_REFUSED @ http://localhost:5175/:0
[ 4106991ms] [ERROR] Failed to load resource: net::ERR_CONNECTION_REFUSED @ http://localhost:5175/:0
[ 4110328ms] [ERROR] Failed to load resource: net::ERR_CONNECTION_REFUSED @ http://localhost:5175/:0
[ 4113708ms] [ERROR] Failed to load resource: net::ERR_CONNECTION_REFUSED @ http://localhost:5175/:0
[ 4117077ms] [ERROR] Failed to load resource: net::ERR_CONNECTION_REFUSED @ http://localhost:5175/:0
[ 4120446ms] [ERROR] Failed to load resource: net::ERR_CONNECTION_REFUSED @ http://localhost:5175/:0
[ 4123797ms] [ERROR] Failed to load resource: net::ERR_CONNECTION_REFUSED @ http://localhost:5175/:0
[ 4127165ms] [ERROR] Failed to load resource: net::ERR_CONNECTION_REFUSED @ http://localhost:5175/:0
[ 4130534ms] [ERROR] Failed to load resource: net::ERR_CONNECTION_REFUSED @ http://localhost:5175/:0
[ 4133916ms] [ERROR] Failed to load resource: net::ERR_CONNECTION_REFUSED @ http://localhost:5175/:0
[ 4137277ms] [ERROR] Failed to load resource: net::ERR_CONNECTION_REFUSED @ http://localhost:5175/:0
[ 4140624ms] [ERROR] Failed to load resource: net::ERR_CONNECTION_REFUSED @ http://localhost:5175/:0
[ 4144004ms] [ERROR] Failed to load resource: net::ERR_CONNECTION_REFUSED @ http://localhost:5175/:0
[ 4147359ms] [ERROR] Failed to load resource: net::ERR_CONNECTION_REFUSED @ http://localhost:5175/:0
[ 4150742ms] [ERROR] Failed to load resource: net::ERR_CONNECTION_REFUSED @ http://localhost:5175/:0
[ 4154108ms] [ERROR] Failed to load resource: net::ERR_CONNECTION_REFUSED @ http://localhost:5175/:0
[ 4157473ms] [ERROR] Failed to load resource: net::ERR_CONNECTION_REFUSED @ http://localhost:5175/:0
[ 4160825ms] [ERROR] Failed to load resource: net::ERR_CONNECTION_REFUSED @ http://localhost:5175/:0
[ 4164194ms] [ERROR] Failed to load resource: net::ERR_CONNECTION_REFUSED @ http://localhost:5175/:0
[ 4167548ms] [ERROR] Failed to load resource: net::ERR_CONNECTION_REFUSED @ http://localhost:5175/:0
[ 4170931ms] [ERROR] Failed to load resource: net::ERR_CONNECTION_REFUSED @ http://localhost:5175/:0
[ 4174299ms] [ERROR] Failed to load resource: net::ERR_CONNECTION_REFUSED @ http://localhost:5175/:0
[ 4177651ms] [ERROR] Failed to load resource: net::ERR_CONNECTION_REFUSED @ http://localhost:5175/:0
[ 4181034ms] [ERROR] Failed to load resource: net::ERR_CONNECTION_REFUSED @ http://localhost:5175/:0
[ 4184387ms] [ERROR] Failed to load resource: net::ERR_CONNECTION_REFUSED @ http://localhost:5175/:0
[ 4187754ms] [ERROR] Failed to load resource: net::ERR_CONNECTION_REFUSED @ http://localhost:5175/:0
[ 4191121ms] [ERROR] Failed to load resource: net::ERR_CONNECTION_REFUSED @ http://localhost:5175/:0
[ 4194472ms] [ERROR] Failed to load resource: net::ERR_CONNECTION_REFUSED @ http://localhost:5175/:0
[ 4197852ms] [ERROR] Failed to load resource: net::ERR_CONNECTION_REFUSED @ http://localhost:5175/:0
[ 4201223ms] [ERROR] Failed to load resource: net::ERR_CONNECTION_REFUSED @ http://localhost:5175/:0
[ 4204606ms] [ERROR] Failed to load resource: net::ERR_CONNECTION_REFUSED @ http://localhost:5175/:0
[ 4207959ms] [ERROR] Failed to load resource: net::ERR_CONNECTION_REFUSED @ http://localhost:5175/:0
[ 4211343ms] [ERROR] Failed to load resource: net::ERR_CONNECTION_REFUSED @ http://localhost:5175/:0
[ 4214709ms] [ERROR] Failed to load resource: net::ERR_CONNECTION_REFUSED @ http://localhost:5175/:0
[ 4218062ms] [ERROR] Failed to load resource: net::ERR_CONNECTION_REFUSED @ http://localhost:5175/:0
[ 4221401ms] [ERROR] Failed to load resource: net::ERR_CONNECTION_REFUSED @ http://localhost:5175/:0
[ 4224768ms] [ERROR] Failed to load resource: net::ERR_CONNECTION_REFUSED @ http://localhost:5175/:0
[ 4228134ms] [ERROR] Failed to load resource: net::ERR_CONNECTION_REFUSED @ http://localhost:5175/:0
[ 4231514ms] [ERROR] Failed to load resource: net::ERR_CONNECTION_REFUSED @ http://localhost:5175/:0
[ 4234882ms] [ERROR] Failed to load resource: net::ERR_CONNECTION_REFUSED @ http://localhost:5175/:0
[ 4238248ms] [ERROR] Failed to load resource: net::ERR_CONNECTION_REFUSED @ http://localhost:5175/:0
[ 4241618ms] [ERROR] Failed to load resource: net::ERR_CONNECTION_REFUSED @ http://localhost:5175/:0
[ 4244998ms] [ERROR] Failed to load resource: net::ERR_CONNECTION_REFUSED @ http://localhost:5175/:0
[ 4248364ms] [ERROR] Failed to load resource: net::ERR_CONNECTION_REFUSED @ http://localhost:5175/:0
[ 4251730ms] [ERROR] Failed to load resource: net::ERR_CONNECTION_REFUSED @ http://localhost:5175/:0
[ 4255095ms] [ERROR] Failed to load resource: net::ERR_CONNECTION_REFUSED @ http://localhost:5175/:0
[ 4258462ms] [ERROR] Failed to load resource: net::ERR_CONNECTION_REFUSED @ http://localhost:5175/:0
[ 4261837ms] [ERROR] Failed to load resource: net::ERR_CONNECTION_REFUSED @ http://localhost:5175/:0
[ 4265213ms] [ERROR] Failed to load resource: net::ERR_CONNECTION_REFUSED @ http://localhost:5175/:0
[ 4268579ms] [ERROR] Failed to load resource: net::ERR_CONNECTION_REFUSED @ http://localhost:5175/:0
[ 4271944ms] [ERROR] Failed to load resource: net::ERR_CONNECTION_REFUSED @ http://localhost:5175/:0
[ 4275314ms] [ERROR] Failed to load resource: net::ERR_CONNECTION_REFUSED @ http://localhost:5175/:0
[ 4278695ms] [ERROR] Failed to load resource: net::ERR_CONNECTION_REFUSED @ http://localhost:5175/:0
[ 4282077ms] [ERROR] Failed to load resource: net::ERR_CONNECTION_REFUSED @ http://localhost:5175/:0
[ 4285461ms] [ERROR] Failed to load resource: net::ERR_CONNECTION_REFUSED @ http://localhost:5175/:0
[ 4288825ms] [ERROR] Failed to load resource: net::ERR_CONNECTION_REFUSED @ http://localhost:5175/:0
[ 4292189ms] [ERROR] Failed to load resource: net::ERR_CONNECTION_REFUSED @ http://localhost:5175/:0
[ 4295551ms] [ERROR] Failed to load resource: net::ERR_CONNECTION_REFUSED @ http://localhost:5175/:0
[ 4298921ms] [ERROR] Failed to load resource: net::ERR_CONNECTION_REFUSED @ http://localhost:5175/:0
[ 4302260ms] [ERROR] Failed to load resource: net::ERR_CONNECTION_REFUSED @ http://localhost:5175/:0
[ 4305614ms] [ERROR] Failed to load resource: net::ERR_CONNECTION_REFUSED @ http://localhost:5175/:0
[ 4308969ms] [ERROR] Failed to load resource: net::ERR_CONNECTION_REFUSED @ http://localhost:5175/:0
[ 4312338ms] [ERROR] Failed to load resource: net::ERR_CONNECTION_REFUSED @ http://localhost:5175/:0
[ 4315722ms] [ERROR] Failed to load resource: net::ERR_CONNECTION_REFUSED @ http://localhost:5175/:0
[ 4319106ms] [ERROR] Failed to load resource: net::ERR_CONNECTION_REFUSED @ http://localhost:5175/:0
[ 4322469ms] [ERROR] Failed to load resource: net::ERR_CONNECTION_REFUSED @ http://localhost:5175/:0
[ 4325818ms] [ERROR] Failed to load resource: net::ERR_CONNECTION_REFUSED @ http://localhost:5175/:0
[ 4329170ms] [ERROR] Failed to load resource: net::ERR_CONNECTION_REFUSED @ http://localhost:5175/:0
[ 4332538ms] [ERROR] Failed to load resource: net::ERR_CONNECTION_REFUSED @ http://localhost:5175/:0
[ 4335915ms] [ERROR] Failed to load resource: net::ERR_CONNECTION_REFUSED @ http://localhost:5175/:0
[ 4339281ms] [ERROR] Failed to load resource: net::ERR_CONNECTION_REFUSED @ http://localhost:5175/:0
[ 4342644ms] [ERROR] Failed to load resource: net::ERR_CONNECTION_REFUSED @ http://localhost:5175/:0
[ 4346010ms] [ERROR] Failed to load resource: net::ERR_CONNECTION_REFUSED @ http://localhost:5175/:0
[ 4349379ms] [ERROR] Failed to load resource: net::ERR_CONNECTION_REFUSED @ http://localhost:5175/:0
[ 4352760ms] [ERROR] Failed to load resource: net::ERR_CONNECTION_REFUSED @ http://localhost:5175/:0
[ 4356140ms] [ERROR] Failed to load resource: net::ERR_CONNECTION_REFUSED @ http://localhost:5175/:0
[ 4359483ms] [ERROR] Failed to load resource: net::ERR_CONNECTION_REFUSED @ http://localhost:5175/:0
[ 4362849ms] [ERROR] Failed to load resource: net::ERR_CONNECTION_REFUSED @ http://localhost:5175/:0
[ 4366217ms] [ERROR] Failed to load resource: net::ERR_CONNECTION_REFUSED @ http://localhost:5175/:0
[ 4369571ms] [ERROR] Failed to load resource: net::ERR_CONNECTION_REFUSED @ http://localhost:5175/:0
[ 4372940ms] [ERROR] Failed to load resource: net::ERR_CONNECTION_REFUSED @ http://localhost:5175/:0
[ 4376307ms] [ERROR] Failed to load resource: net::ERR_CONNECTION_REFUSED @ http://localhost:5175/:0
[ 4379675ms] [ERROR] Failed to load resource: net::ERR_CONNECTION_REFUSED @ http://localhost:5175/:0
[ 4383056ms] [ERROR] Failed to load resource: net::ERR_CONNECTION_REFUSED @ http://localhost:5175/:0
[ 4386434ms] [ERROR] Failed to load resource: net::ERR_CONNECTION_REFUSED @ http://localhost:5175/:0
[ 4389799ms] [ERROR] Failed to load resource: net::ERR_CONNECTION_REFUSED @ http://localhost:5175/:0
[ 4393152ms] [ERROR] Failed to load resource: net::ERR_CONNECTION_REFUSED @ http://localhost:5175/:0
[ 4396511ms] [ERROR] Failed to load resource: net::ERR_CONNECTION_REFUSED @ http://localhost:5175/:0
[ 4399878ms] [ERROR] Failed to load resource: net::ERR_CONNECTION_REFUSED @ http://localhost:5175/:0
[ 4403242ms] [ERROR] Failed to load resource: net::ERR_CONNECTION_REFUSED @ http://localhost:5175/:0
[ 4406594ms] [ERROR] Failed to load resource: net::ERR_CONNECTION_REFUSED @ http://localhost:5175/:0
[ 4409961ms] [ERROR] Failed to load resource: net::ERR_CONNECTION_REFUSED @ http://localhost:5175/:0
[ 4413329ms] [ERROR] Failed to load resource: net::ERR_CONNECTION_REFUSED @ http://localhost:5175/:0
[ 4416680ms] [ERROR] Failed to load resource: net::ERR_CONNECTION_REFUSED @ http://localhost:5175/:0
[ 4420029ms] [ERROR] Failed to load resource: net::ERR_CONNECTION_REFUSED @ http://localhost:5175/:0
[ 4423388ms] [ERROR] Failed to load resource: net::ERR_CONNECTION_REFUSED @ http://localhost:5175/:0
[ 4426758ms] [ERROR] Failed to load resource: net::ERR_CONNECTION_REFUSED @ http://localhost:5175/:0
[ 4430128ms] [ERROR] Failed to load resource: net::ERR_CONNECTION_REFUSED @ http://localhost:5175/:0
[ 4433499ms] [ERROR] Failed to load resource: net::ERR_CONNECTION_REFUSED @ http://localhost:5175/:0
[ 4436868ms] [ERROR] Failed to load resource: net::ERR_CONNECTION_REFUSED @ http://localhost:5175/:0
[ 4440221ms] [ERROR] Failed to load resource: net::ERR_CONNECTION_REFUSED @ http://localhost:5175/:0
[ 4443601ms] [ERROR] Failed to load resource: net::ERR_CONNECTION_REFUSED @ http://localhost:5175/:0
[ 4446966ms] [ERROR] Failed to load resource: net::ERR_CONNECTION_REFUSED @ http://localhost:5175/:0
[ 4450325ms] [ERROR] Failed to load resource: net::ERR_CONNECTION_REFUSED @ http://localhost:5175/:0
[ 4453694ms] [ERROR] Failed to load resource: net::ERR_CONNECTION_REFUSED @ http://localhost:5175/:0
[ 4457020ms] [ERROR] Failed to load resource: net::ERR_CONNECTION_REFUSED @ http://localhost:5175/:0
[ 4460376ms] [ERROR] Failed to load resource: net::ERR_CONNECTION_REFUSED @ http://localhost:5175/:0
[ 4463760ms] [ERROR] Failed to load resource: net::ERR_CONNECTION_REFUSED @ http://localhost:5175/:0
[ 4467090ms] [ERROR] Failed to load resource: net::ERR_CONNECTION_REFUSED @ http://localhost:5175/:0
[ 4470445ms] [ERROR] Failed to load resource: net::ERR_CONNECTION_REFUSED @ http://localhost:5175/:0
[ 4473824ms] [ERROR] Failed to load resource: net::ERR_CONNECTION_REFUSED @ http://localhost:5175/:0
[ 4477192ms] [ERROR] Failed to load resource: net::ERR_CONNECTION_REFUSED @ http://localhost:5175/:0
[ 4480540ms] [ERROR] Failed to load resource: net::ERR_CONNECTION_REFUSED @ http://localhost:5175/:0
[ 4483893ms] [ERROR] Failed to load resource: net::ERR_CONNECTION_REFUSED @ http://localhost:5175/:0
[ 4487277ms] [ERROR] Failed to load resource: net::ERR_CONNECTION_REFUSED @ http://localhost:5175/:0
[ 4490630ms] [ERROR] Failed to load resource: net::ERR_CONNECTION_REFUSED @ http://localhost:5175/:0
[ 4493998ms] [ERROR] Failed to load resource: net::ERR_CONNECTION_REFUSED @ http://localhost:5175/:0
[ 4497352ms] [ERROR] Failed to load resource: net::ERR_CONNECTION_REFUSED @ http://localhost:5175/:0
[ 4500734ms] [ERROR] Failed to load resource: net::ERR_CONNECTION_REFUSED @ http://localhost:5175/:0
[ 4504097ms] [ERROR] Failed to load resource: net::ERR_CONNECTION_REFUSED @ http://localhost:5175/:0
[ 4507482ms] [ERROR] Failed to load resource: net::ERR_CONNECTION_REFUSED @ http://localhost:5175/:0
[ 4510845ms] [ERROR] Failed to load resource: net::ERR_CONNECTION_REFUSED @ http://localhost:5175/:0
[ 4514198ms] [ERROR] Failed to load resource: net::ERR_CONNECTION_REFUSED @ http://localhost:5175/:0
[ 4517537ms] [ERROR] Failed to load resource: net::ERR_CONNECTION_REFUSED @ http://localhost:5175/:0
[ 4520922ms] [ERROR] Failed to load resource: net::ERR_CONNECTION_REFUSED @ http://localhost:5175/:0
[ 4524287ms] [ERROR] Failed to load resource: net::ERR_CONNECTION_REFUSED @ http://localhost:5175/:0
[ 4527672ms] [ERROR] Failed to load resource: net::ERR_CONNECTION_REFUSED @ http://localhost:5175/:0
[ 4531044ms] [ERROR] Failed to load resource: net::ERR_CONNECTION_REFUSED @ http://localhost:5175/:0
[ 4534401ms] [ERROR] Failed to load resource: net::ERR_CONNECTION_REFUSED @ http://localhost:5175/:0
[ 4537757ms] [ERROR] Failed to load resource: net::ERR_CONNECTION_REFUSED @ http://localhost:5175/:0
[ 4541114ms] [ERROR] Failed to load resource: net::ERR_CONNECTION_REFUSED @ http://localhost:5175/:0
[ 4544473ms] [ERROR] Failed to load resource: net::ERR_CONNECTION_REFUSED @ http://localhost:5175/:0
[ 4547831ms] [ERROR] Failed to load resource: net::ERR_CONNECTION_REFUSED @ http://localhost:5175/:0
[ 4551190ms] [ERROR] Failed to load resource: net::ERR_CONNECTION_REFUSED @ http://localhost:5175/:0
[ 4554548ms] [ERROR] Failed to load resource: net::ERR_CONNECTION_REFUSED @ http://localhost:5175/:0
[ 4557890ms] [ERROR] Failed to load resource: net::ERR_CONNECTION_REFUSED @ http://localhost:5175/:0
[ 4561262ms] [ERROR] Failed to load resource: net::ERR_CONNECTION_REFUSED @ http://localhost:5175/:0
[ 4564628ms] [ERROR] Failed to load resource: net::ERR_CONNECTION_REFUSED @ http://localhost:5175/:0
[ 4567994ms] [ERROR] Failed to load resource: net::ERR_CONNECTION_REFUSED @ http://localhost:5175/:0
[ 4571363ms] [ERROR] Failed to load resource: net::ERR_CONNECTION_REFUSED @ http://localhost:5175/:0
[ 4574738ms] [ERROR] Failed to load resource: net::ERR_CONNECTION_REFUSED @ http://localhost:5175/:0
[ 4578091ms] [ERROR] Failed to load resource: net::ERR_CONNECTION_REFUSED @ http://localhost:5175/:0
[ 4581475ms] [ERROR] Failed to load resource: net::ERR_CONNECTION_REFUSED @ http://localhost:5175/:0
[ 4584841ms] [ERROR] Failed to load resource: net::ERR_CONNECTION_REFUSED @ http://localhost:5175/:0
[ 4588209ms] [ERROR] Failed to load resource: net::ERR_CONNECTION_REFUSED @ http://localhost:5175/:0
[ 4591592ms] [ERROR] Failed to load resource: net::ERR_CONNECTION_REFUSED @ http://localhost:5175/:0
[ 4594971ms] [ERROR] Failed to load resource: net::ERR_CONNECTION_REFUSED @ http://localhost:5175/:0
[ 4598324ms] [ERROR] Failed to load resource: net::ERR_CONNECTION_REFUSED @ http://localhost:5175/:0
[ 4601699ms] [ERROR] Failed to load resource: net::ERR_CONNECTION_REFUSED @ http://localhost:5175/:0
[ 4605065ms] [ERROR] Failed to load resource: net::ERR_CONNECTION_REFUSED @ http://localhost:5175/:0
[ 4608419ms] [ERROR] Failed to load resource: net::ERR_CONNECTION_REFUSED @ http://localhost:5175/:0
[ 4611821ms] [ERROR] Failed to load resource: net::ERR_CONNECTION_REFUSED @ http://localhost:5175/:0
[ 4615186ms] [ERROR] Failed to load resource: net::ERR_CONNECTION_REFUSED @ http://localhost:5175/:0
[ 4618556ms] [ERROR] Failed to load resource: net::ERR_CONNECTION_REFUSED @ http://localhost:5175/:0
[ 4621940ms] [ERROR] Failed to load resource: net::ERR_CONNECTION_REFUSED @ http://localhost:5175/:0
[ 4625322ms] [ERROR] Failed to load resource: net::ERR_CONNECTION_REFUSED @ http://localhost:5175/:0
[ 4628675ms] [ERROR] Failed to load resource: net::ERR_CONNECTION_REFUSED @ http://localhost:5175/:0
[ 4632061ms] [ERROR] Failed to load resource: net::ERR_CONNECTION_REFUSED @ http://localhost:5175/:0
[ 4635422ms] [ERROR] Failed to load resource: net::ERR_CONNECTION_REFUSED @ http://localhost:5175/:0
[ 4638808ms] [ERROR] Failed to load resource: net::ERR_CONNECTION_REFUSED @ http://localhost:5175/:0
[ 4642178ms] [ERROR] Failed to load resource: net::ERR_CONNECTION_REFUSED @ http://localhost:5175/:0
[ 4645517ms] [ERROR] Failed to load resource: net::ERR_CONNECTION_REFUSED @ http://localhost:5175/:0
[ 4648869ms] [ERROR] Failed to load resource: net::ERR_CONNECTION_REFUSED @ http://localhost:5175/:0
[ 4652208ms] [ERROR] Failed to load resource: net::ERR_CONNECTION_REFUSED @ http://localhost:5175/:0
[ 4655586ms] [ERROR] Failed to load resource: net::ERR_CONNECTION_REFUSED @ http://localhost:5175/:0
[ 4658952ms] [ERROR] Failed to load resource: net::ERR_CONNECTION_REFUSED @ http://localhost:5175/:0
[ 4662303ms] [ERROR] Failed to load resource: net::ERR_CONNECTION_REFUSED @ http://localhost:5175/:0
[ 4665681ms] [ERROR] Failed to load resource: net::ERR_CONNECTION_REFUSED @ http://localhost:5175/:0
[ 4669051ms] [ERROR] Failed to load resource: net::ERR_CONNECTION_REFUSED @ http://localhost:5175/:0
[ 4672434ms] [ERROR] Failed to load resource: net::ERR_CONNECTION_REFUSED @ http://localhost:5175/:0
[ 4675817ms] [ERROR] Failed to load resource: net::ERR_CONNECTION_REFUSED @ http://localhost:5175/:0
[ 4679182ms] [ERROR] Failed to load resource: net::ERR_CONNECTION_REFUSED @ http://localhost:5175/:0
[ 4682546ms] [ERROR] Failed to load resource: net::ERR_CONNECTION_REFUSED @ http://localhost:5175/:0
[ 4685910ms] [ERROR] Failed to load resource: net::ERR_CONNECTION_REFUSED @ http://localhost:5175/:0
[ 4689278ms] [ERROR] Failed to load resource: net::ERR_CONNECTION_REFUSED @ http://localhost:5175/:0
[ 4692661ms] [ERROR] Failed to load resource: net::ERR_CONNECTION_REFUSED @ http://localhost:5175/:0
[ 4695995ms] [ERROR] Failed to load resource: net::ERR_CONNECTION_REFUSED @ http://localhost:5175/:0
[ 4699343ms] [ERROR] Failed to load resource: net::ERR_CONNECTION_REFUSED @ http://localhost:5175/:0
[ 4702710ms] [ERROR] Failed to load resource: net::ERR_CONNECTION_REFUSED @ http://localhost:5175/:0
[ 4706061ms] [ERROR] Failed to load resource: net::ERR_CONNECTION_REFUSED @ http://localhost:5175/:0
[ 4709419ms] [ERROR] Failed to load resource: net::ERR_CONNECTION_REFUSED @ http://localhost:5175/:0
[ 4712790ms] [ERROR] Failed to load resource: net::ERR_CONNECTION_REFUSED @ http://localhost:5175/:0
[ 4716157ms] [ERROR] Failed to load resource: net::ERR_CONNECTION_REFUSED @ http://localhost:5175/:0
[ 4719527ms] [ERROR] Failed to load resource: net::ERR_CONNECTION_REFUSED @ http://localhost:5175/:0
[ 4722912ms] [ERROR] Failed to load resource: net::ERR_CONNECTION_REFUSED @ http://localhost:5175/:0
[ 4726250ms] [ERROR] Failed to load resource: net::ERR_CONNECTION_REFUSED @ http://localhost:5175/:0
[ 4729629ms] [ERROR] Failed to load resource: net::ERR_CONNECTION_REFUSED @ http://localhost:5175/:0
[ 4732967ms] [ERROR] Failed to load resource: net::ERR_CONNECTION_REFUSED @ http://localhost:5175/:0
[ 4736334ms] [ERROR] Failed to load resource: net::ERR_CONNECTION_REFUSED @ http://localhost:5175/:0
[ 4739677ms] [ERROR] Failed to load resource: net::ERR_CONNECTION_REFUSED @ http://localhost:5175/:0
[ 4743017ms] [ERROR] Failed to load resource: net::ERR_CONNECTION_REFUSED @ http://localhost:5175/:0
[ 4746368ms] [ERROR] Failed to load resource: net::ERR_CONNECTION_REFUSED @ http://localhost:5175/:0
[ 4749720ms] [ERROR] Failed to load resource: net::ERR_CONNECTION_REFUSED @ http://localhost:5175/:0
[ 4753072ms] [ERROR] Failed to load resource: net::ERR_CONNECTION_REFUSED @ http://localhost:5175/:0
[ 4756433ms] [ERROR] Failed to load resource: net::ERR_CONNECTION_REFUSED @ http://localhost:5175/:0
[ 4759796ms] [ERROR] Failed to load resource: net::ERR_CONNECTION_REFUSED @ http://localhost:5175/:0
[ 4763178ms] [ERROR] Failed to load resource: net::ERR_CONNECTION_REFUSED @ http://localhost:5175/:0
[ 4766515ms] [ERROR] Failed to load resource: net::ERR_CONNECTION_REFUSED @ http://localhost:5175/:0
[ 4769868ms] [ERROR] Failed to load resource: net::ERR_CONNECTION_REFUSED @ http://localhost:5175/:0
[ 4773238ms] [ERROR] Failed to load resource: net::ERR_CONNECTION_REFUSED @ http://localhost:5175/:0
[ 4776591ms] [ERROR] Failed to load resource: net::ERR_CONNECTION_REFUSED @ http://localhost:5175/:0
[ 4779959ms] [ERROR] Failed to load resource: net::ERR_CONNECTION_REFUSED @ http://localhost:5175/:0
[ 4783315ms] [ERROR] Failed to load resource: net::ERR_CONNECTION_REFUSED @ http://localhost:5175/:0
[ 4786682ms] [ERROR] Failed to load resource: net::ERR_CONNECTION_REFUSED @ http://localhost:5175/:0
[ 4790050ms] [ERROR] Failed to load resource: net::ERR_CONNECTION_REFUSED @ http://localhost:5175/:0
[ 4793417ms] [ERROR] Failed to load resource: net::ERR_CONNECTION_REFUSED @ http://localhost:5175/:0
[ 4796784ms] [ERROR] Failed to load resource: net::ERR_CONNECTION_REFUSED @ http://localhost:5175/:0
[ 4800133ms] [ERROR] Failed to load resource: net::ERR_CONNECTION_REFUSED @ http://localhost:5175/:0
[ 4803517ms] [ERROR] Failed to load resource: net::ERR_CONNECTION_REFUSED @ http://localhost:5175/:0
[ 4806884ms] [ERROR] Failed to load resource: net::ERR_CONNECTION_REFUSED @ http://localhost:5175/:0
[ 4810237ms] [ERROR] Failed to load resource: net::ERR_CONNECTION_REFUSED @ http://localhost:5175/:0
[ 4813636ms] [ERROR] Failed to load resource: net::ERR_CONNECTION_REFUSED @ http://localhost:5175/:0
[ 4816982ms] [ERROR] Failed to load resource: net::ERR_CONNECTION_REFUSED @ http://localhost:5175/:0
[ 4820366ms] [ERROR] Failed to load resource: net::ERR_CONNECTION_REFUSED @ http://localhost:5175/:0
[ 4823713ms] [ERROR] Failed to load resource: net::ERR_CONNECTION_REFUSED @ http://localhost:5175/:0
[ 4827053ms] [ERROR] Failed to load resource: net::ERR_CONNECTION_REFUSED @ http://localhost:5175/:0
[ 4830408ms] [ERROR] Failed to load resource: net::ERR_CONNECTION_REFUSED @ http://localhost:5175/:0
[ 4833761ms] [ERROR] Failed to load resource: net::ERR_CONNECTION_REFUSED @ http://localhost:5175/:0
[ 4837141ms] [ERROR] Failed to load resource: net::ERR_CONNECTION_REFUSED @ http://localhost:5175/:0
[ 4840480ms] [ERROR] Failed to load resource: net::ERR_CONNECTION_REFUSED @ http://localhost:5175/:0
[ 4843863ms] [ERROR] Failed to load resource: net::ERR_CONNECTION_REFUSED @ http://localhost:5175/:0
[ 4847233ms] [ERROR] Failed to load resource: net::ERR_CONNECTION_REFUSED @ http://localhost:5175/:0
[ 4850581ms] [ERROR] Failed to load resource: net::ERR_CONNECTION_REFUSED @ http://localhost:5175/:0
[ 4853928ms] [ERROR] Failed to load resource: net::ERR_CONNECTION_REFUSED @ http://localhost:5175/:0
[ 4857283ms] [ERROR] Failed to load resource: net::ERR_CONNECTION_REFUSED @ http://localhost:5175/:0
[ 4860637ms] [ERROR] Failed to load resource: net::ERR_CONNECTION_REFUSED @ http://localhost:5175/:0
[ 4863992ms] [ERROR] Failed to load resource: net::ERR_CONNECTION_REFUSED @ http://localhost:5175/:0
[ 4867372ms] [ERROR] Failed to load resource: net::ERR_CONNECTION_REFUSED @ http://localhost:5175/:0
[ 4870722ms] [ERROR] Failed to load resource: net::ERR_CONNECTION_REFUSED @ http://localhost:5175/:0
[ 4874088ms] [ERROR] Failed to load resource: net::ERR_CONNECTION_REFUSED @ http://localhost:5175/:0
[ 4877444ms] [ERROR] Failed to load resource: net::ERR_CONNECTION_REFUSED @ http://localhost:5175/:0
[ 4880788ms] [ERROR] Failed to load resource: net::ERR_CONNECTION_REFUSED @ http://localhost:5175/:0
[ 4884153ms] [ERROR] Failed to load resource: net::ERR_CONNECTION_REFUSED @ http://localhost:5175/:0
[ 4887514ms] [ERROR] Failed to load resource: net::ERR_CONNECTION_REFUSED @ http://localhost:5175/:0
[ 4890873ms] [ERROR] Failed to load resource: net::ERR_CONNECTION_REFUSED @ http://localhost:5175/:0
[ 4894250ms] [ERROR] Failed to load resource: net::ERR_CONNECTION_REFUSED @ http://localhost:5175/:0
[ 4897634ms] [ERROR] Failed to load resource: net::ERR_CONNECTION_REFUSED @ http://localhost:5175/:0
[ 4900989ms] [ERROR] Failed to load resource: net::ERR_CONNECTION_REFUSED @ http://localhost:5175/:0
[ 4904341ms] [ERROR] Failed to load resource: net::ERR_CONNECTION_REFUSED @ http://localhost:5175/:0
[ 4907695ms] [ERROR] Failed to load resource: net::ERR_CONNECTION_REFUSED @ http://localhost:5175/:0
[ 4911047ms] [ERROR] Failed to load resource: net::ERR_CONNECTION_REFUSED @ http://localhost:5175/:0
[ 4914410ms] [ERROR] Failed to load resource: net::ERR_CONNECTION_REFUSED @ http://localhost:5175/:0
[ 4917756ms] [ERROR] Failed to load resource: net::ERR_CONNECTION_REFUSED @ http://localhost:5175/:0
[ 4921109ms] [ERROR] Failed to load resource: net::ERR_CONNECTION_REFUSED @ http://localhost:5175/:0
[ 4924476ms] [ERROR] Failed to load resource: net::ERR_CONNECTION_REFUSED @ http://localhost:5175/:0
[ 4927855ms] [ERROR] Failed to load resource: net::ERR_CONNECTION_REFUSED @ http://localhost:5175/:0
[ 4931236ms] [ERROR] Failed to load resource: net::ERR_CONNECTION_REFUSED @ http://localhost:5175/:0
[ 4934605ms] [ERROR] Failed to load resource: net::ERR_CONNECTION_REFUSED @ http://localhost:5175/:0
[ 4937973ms] [ERROR] Failed to load resource: net::ERR_CONNECTION_REFUSED @ http://localhost:5175/:0
[ 4941329ms] [ERROR] Failed to load resource: net::ERR_CONNECTION_REFUSED @ http://localhost:5175/:0
[ 4944705ms] [ERROR] Failed to load resource: net::ERR_CONNECTION_REFUSED @ http://localhost:5175/:0
[ 4948041ms] [ERROR] Failed to load resource: net::ERR_CONNECTION_REFUSED @ http://localhost:5175/:0
[ 4951396ms] [ERROR] Failed to load resource: net::ERR_CONNECTION_REFUSED @ http://localhost:5175/:0
[ 4954763ms] [ERROR] Failed to load resource: net::ERR_CONNECTION_REFUSED @ http://localhost:5175/:0
[ 4958129ms] [ERROR] Failed to load resource: net::ERR_CONNECTION_REFUSED @ http://localhost:5175/:0
[ 4961499ms] [ERROR] Failed to load resource: net::ERR_CONNECTION_REFUSED @ http://localhost:5175/:0
[ 4964868ms] [ERROR] Failed to load resource: net::ERR_CONNECTION_REFUSED @ http://localhost:5175/:0
[ 4968250ms] [ERROR] Failed to load resource: net::ERR_CONNECTION_REFUSED @ http://localhost:5175/:0
[ 4971590ms] [ERROR] Failed to load resource: net::ERR_CONNECTION_REFUSED @ http://localhost:5175/:0
[ 4974958ms] [ERROR] Failed to load resource: net::ERR_CONNECTION_REFUSED @ http://localhost:5175/:0
[ 4978305ms] [ERROR] Failed to load resource: net::ERR_CONNECTION_REFUSED @ http://localhost:5175/:0
[ 4981640ms] [ERROR] Failed to load resource: net::ERR_CONNECTION_REFUSED @ http://localhost:5175/:0
[ 4985008ms] [ERROR] Failed to load resource: net::ERR_CONNECTION_REFUSED @ http://localhost:5175/:0
[ 4988388ms] [ERROR] Failed to load resource: net::ERR_CONNECTION_REFUSED @ http://localhost:5175/:0
[ 4991753ms] [ERROR] Failed to load resource: net::ERR_CONNECTION_REFUSED @ http://localhost:5175/:0
[ 4995136ms] [ERROR] Failed to load resource: net::ERR_CONNECTION_REFUSED @ http://localhost:5175/:0
[ 4998491ms] [ERROR] Failed to load resource: net::ERR_CONNECTION_REFUSED @ http://localhost:5175/:0
[ 5001831ms] [ERROR] Failed to load resource: net::ERR_CONNECTION_REFUSED @ http://localhost:5175/:0
[ 5005195ms] [ERROR] Failed to load resource: net::ERR_CONNECTION_REFUSED @ http://localhost:5175/:0
[ 5008574ms] [ERROR] Failed to load resource: net::ERR_CONNECTION_REFUSED @ http://localhost:5175/:0
[ 5011941ms] [ERROR] Failed to load resource: net::ERR_CONNECTION_REFUSED @ http://localhost:5175/:0
[ 5015292ms] [ERROR] Failed to load resource: net::ERR_CONNECTION_REFUSED @ http://localhost:5175/:0
[ 5018660ms] [ERROR] Failed to load resource: net::ERR_CONNECTION_REFUSED @ http://localhost:5175/:0
[ 5022045ms] [ERROR] Failed to load resource: net::ERR_CONNECTION_REFUSED @ http://localhost:5175/:0
[ 5025411ms] [ERROR] Failed to load resource: net::ERR_CONNECTION_REFUSED @ http://localhost:5175/:0
[ 5028776ms] [ERROR] Failed to load resource: net::ERR_CONNECTION_REFUSED @ http://localhost:5175/:0
[ 5032160ms] [ERROR] Failed to load resource: net::ERR_CONNECTION_REFUSED @ http://localhost:5175/:0
[ 5035543ms] [ERROR] Failed to load resource: net::ERR_CONNECTION_REFUSED @ http://localhost:5175/:0
[ 5038896ms] [ERROR] Failed to load resource: net::ERR_CONNECTION_REFUSED @ http://localhost:5175/:0
[ 5042241ms] [ERROR] Failed to load resource: net::ERR_CONNECTION_REFUSED @ http://localhost:5175/:0
[ 5045592ms] [ERROR] Failed to load resource: net::ERR_CONNECTION_REFUSED @ http://localhost:5175/:0
[ 5048960ms] [ERROR] Failed to load resource: net::ERR_CONNECTION_REFUSED @ http://localhost:5175/:0
[ 5052332ms] [ERROR] Failed to load resource: net::ERR_CONNECTION_REFUSED @ http://localhost:5175/:0
[ 5055707ms] [ERROR] Failed to load resource: net::ERR_CONNECTION_REFUSED @ http://localhost:5175/:0
[ 5059089ms] [ERROR] Failed to load resource: net::ERR_CONNECTION_REFUSED @ http://localhost:5175/:0
[ 5062455ms] [ERROR] Failed to load resource: net::ERR_CONNECTION_REFUSED @ http://localhost:5175/:0
[ 5065823ms] [ERROR] Failed to load resource: net::ERR_CONNECTION_REFUSED @ http://localhost:5175/:0
[ 5069175ms] [ERROR] Failed to load resource: net::ERR_CONNECTION_REFUSED @ http://localhost:5175/:0
[ 5072545ms] [ERROR] Failed to load resource: net::ERR_CONNECTION_REFUSED @ http://localhost:5175/:0
[ 5075882ms] [ERROR] Failed to load resource: net::ERR_CONNECTION_REFUSED @ http://localhost:5175/:0
[ 5079265ms] [ERROR] Failed to load resource: net::ERR_CONNECTION_REFUSED @ http://localhost:5175/:0
[ 5082617ms] [ERROR] Failed to load resource: net::ERR_CONNECTION_REFUSED @ http://localhost:5175/:0
[ 5085968ms] [ERROR] Failed to load resource: net::ERR_CONNECTION_REFUSED @ http://localhost:5175/:0
[ 5089338ms] [ERROR] Failed to load resource: net::ERR_CONNECTION_REFUSED @ http://localhost:5175/:0
[ 5092704ms] [ERROR] Failed to load resource: net::ERR_CONNECTION_REFUSED @ http://localhost:5175/:0
[ 5096058ms] [ERROR] Failed to load resource: net::ERR_CONNECTION_REFUSED @ http://localhost:5175/:0
[ 5099443ms] [ERROR] Failed to load resource: net::ERR_CONNECTION_REFUSED @ http://localhost:5175/:0
[ 5102802ms] [ERROR] Failed to load resource: net::ERR_CONNECTION_REFUSED @ http://localhost:5175/:0
[ 5106167ms] [ERROR] Failed to load resource: net::ERR_CONNECTION_REFUSED @ http://localhost:5175/:0
[ 5109534ms] [ERROR] Failed to load resource: net::ERR_CONNECTION_REFUSED @ http://localhost:5175/:0
[ 5112901ms] [ERROR] Failed to load resource: net::ERR_CONNECTION_REFUSED @ http://localhost:5175/:0
[ 5116265ms] [ERROR] Failed to load resource: net::ERR_CONNECTION_REFUSED @ http://localhost:5175/:0
[ 5119631ms] [ERROR] Failed to load resource: net::ERR_CONNECTION_REFUSED @ http://localhost:5175/:0
[ 5123009ms] [ERROR] Failed to load resource: net::ERR_CONNECTION_REFUSED @ http://localhost:5175/:0
[ 5126384ms] [ERROR] Failed to load resource: net::ERR_CONNECTION_REFUSED @ http://localhost:5175/:0
[ 5129768ms] [ERROR] Failed to load resource: net::ERR_CONNECTION_REFUSED @ http://localhost:5175/:0
[ 5133114ms] [ERROR] Failed to load resource: net::ERR_CONNECTION_REFUSED @ http://localhost:5175/:0
[ 5136480ms] [ERROR] Failed to load resource: net::ERR_CONNECTION_REFUSED @ http://localhost:5175/:0
[ 5139830ms] [ERROR] Failed to load resource: net::ERR_CONNECTION_REFUSED @ http://localhost:5175/:0
[ 5143198ms] [ERROR] Failed to load resource: net::ERR_CONNECTION_REFUSED @ http://localhost:5175/:0
[ 5146567ms] [ERROR] Failed to load resource: net::ERR_CONNECTION_REFUSED @ http://localhost:5175/:0
[ 5149905ms] [ERROR] Failed to load resource: net::ERR_CONNECTION_REFUSED @ http://localhost:5175/:0
[ 5153256ms] [ERROR] Failed to load resource: net::ERR_CONNECTION_REFUSED @ http://localhost:5175/:0
[ 5156609ms] [ERROR] Failed to load resource: net::ERR_CONNECTION_REFUSED @ http://localhost:5175/:0
[ 5159975ms] [ERROR] Failed to load resource: net::ERR_CONNECTION_REFUSED @ http://localhost:5175/:0
[ 5163336ms] [ERROR] Failed to load resource: net::ERR_CONNECTION_REFUSED @ http://localhost:5175/:0
[ 5166699ms] [ERROR] Failed to load resource: net::ERR_CONNECTION_REFUSED @ http://localhost:5175/:0
[ 5170063ms] [ERROR] Failed to load resource: net::ERR_CONNECTION_REFUSED @ http://localhost:5175/:0
[ 5173401ms] [ERROR] Failed to load resource: net::ERR_CONNECTION_REFUSED @ http://localhost:5175/:0
[ 5176754ms] [ERROR] Failed to load resource: net::ERR_CONNECTION_REFUSED @ http://localhost:5175/:0
[ 5180137ms] [ERROR] Failed to load resource: net::ERR_CONNECTION_REFUSED @ http://localhost:5175/:0
[ 5183490ms] [ERROR] Failed to load resource: net::ERR_CONNECTION_REFUSED @ http://localhost:5175/:0
[ 5186827ms] [ERROR] Failed to load resource: net::ERR_CONNECTION_REFUSED @ http://localhost:5175/:0
[ 5190209ms] [ERROR] Failed to load resource: net::ERR_CONNECTION_REFUSED @ http://localhost:5175/:0
[ 5193558ms] [ERROR] Failed to load resource: net::ERR_CONNECTION_REFUSED @ http://localhost:5175/:0
[ 5196927ms] [ERROR] Failed to load resource: net::ERR_CONNECTION_REFUSED @ http://localhost:5175/:0
[ 5200295ms] [ERROR] Failed to load resource: net::ERR_CONNECTION_REFUSED @ http://localhost:5175/:0
[ 5203649ms] [ERROR] Failed to load resource: net::ERR_CONNECTION_REFUSED @ http://localhost:5175/:0
[ 5207000ms] [ERROR] Failed to load resource: net::ERR_CONNECTION_REFUSED @ http://localhost:5175/:0
[ 5210368ms] [ERROR] Failed to load resource: net::ERR_CONNECTION_REFUSED @ http://localhost:5175/:0
[ 5213736ms] [ERROR] Failed to load resource: net::ERR_CONNECTION_REFUSED @ http://localhost:5175/:0
[ 5217106ms] [ERROR] Failed to load resource: net::ERR_CONNECTION_REFUSED @ http://localhost:5175/:0
[ 5220476ms] [ERROR] Failed to load resource: net::ERR_CONNECTION_REFUSED @ http://localhost:5175/:0
[ 5223852ms] [ERROR] Failed to load resource: net::ERR_CONNECTION_REFUSED @ http://localhost:5175/:0
[ 5227202ms] [ERROR] Failed to load resource: net::ERR_CONNECTION_REFUSED @ http://localhost:5175/:0
[ 5230587ms] [ERROR] Failed to load resource: net::ERR_CONNECTION_REFUSED @ http://localhost:5175/:0
[ 5233940ms] [ERROR] Failed to load resource: net::ERR_CONNECTION_REFUSED @ http://localhost:5175/:0
[ 5237305ms] [ERROR] Failed to load resource: net::ERR_CONNECTION_REFUSED @ http://localhost:5175/:0
[ 5240659ms] [ERROR] Failed to load resource: net::ERR_CONNECTION_REFUSED @ http://localhost:5175/:0
[ 5244012ms] [ERROR] Failed to load resource: net::ERR_CONNECTION_REFUSED @ http://localhost:5175/:0
[ 5247365ms] [ERROR] Failed to load resource: net::ERR_CONNECTION_REFUSED @ http://localhost:5175/:0
[ 5250734ms] [ERROR] Failed to load resource: net::ERR_CONNECTION_REFUSED @ http://localhost:5175/:0
[ 5254100ms] [ERROR] Failed to load resource: net::ERR_CONNECTION_REFUSED @ http://localhost:5175/:0
[ 5257461ms] [ERROR] Failed to load resource: net::ERR_CONNECTION_REFUSED @ http://localhost:5175/:0
[ 5260815ms] [ERROR] Failed to load resource: net::ERR_CONNECTION_REFUSED @ http://localhost:5175/:0
[ 5264199ms] [ERROR] Failed to load resource: net::ERR_CONNECTION_REFUSED @ http://localhost:5175/:0
[ 5267552ms] [ERROR] Failed to load resource: net::ERR_CONNECTION_REFUSED @ http://localhost:5175/:0
[ 5270918ms] [ERROR] Failed to load resource: net::ERR_CONNECTION_REFUSED @ http://localhost:5175/:0
[ 5274284ms] [ERROR] Failed to load resource: net::ERR_CONNECTION_REFUSED @ http://localhost:5175/:0
[ 5277652ms] [ERROR] Failed to load resource: net::ERR_CONNECTION_REFUSED @ http://localhost:5175/:0
[ 5281005ms] [ERROR] Failed to load resource: net::ERR_CONNECTION_REFUSED @ http://localhost:5175/:0
[ 5284387ms] [ERROR] Failed to load resource: net::ERR_CONNECTION_REFUSED @ http://localhost:5175/:0
[ 5287731ms] [ERROR] Failed to load resource: net::ERR_CONNECTION_REFUSED @ http://localhost:5175/:0
[ 5291114ms] [ERROR] Failed to load resource: net::ERR_CONNECTION_REFUSED @ http://localhost:5175/:0
[ 5294495ms] [ERROR] Failed to load resource: net::ERR_CONNECTION_REFUSED @ http://localhost:5175/:0
[ 5297851ms] [ERROR] Failed to load resource: net::ERR_CONNECTION_REFUSED @ http://localhost:5175/:0
[ 5301221ms] [ERROR] Failed to load resource: net::ERR_CONNECTION_REFUSED @ http://localhost:5175/:0
[ 5304603ms] [ERROR] Failed to load resource: net::ERR_CONNECTION_REFUSED @ http://localhost:5175/:0
[ 5307991ms] [ERROR] Failed to load resource: net::ERR_CONNECTION_REFUSED @ http://localhost:5175/:0
[ 5311346ms] [ERROR] Failed to load resource: net::ERR_CONNECTION_REFUSED @ http://localhost:5175/:0
[ 5314728ms] [ERROR] Failed to load resource: net::ERR_CONNECTION_REFUSED @ http://localhost:5175/:0
[ 5318072ms] [ERROR] Failed to load resource: net::ERR_CONNECTION_REFUSED @ http://localhost:5175/:0
[ 5321438ms] [ERROR] Failed to load resource: net::ERR_CONNECTION_REFUSED @ http://localhost:5175/:0
[ 5324806ms] [ERROR] Failed to load resource: net::ERR_CONNECTION_REFUSED @ http://localhost:5175/:0
[ 5328159ms] [ERROR] Failed to load resource: net::ERR_CONNECTION_REFUSED @ http://localhost:5175/:0
[ 5331543ms] [ERROR] Failed to load resource: net::ERR_CONNECTION_REFUSED @ http://localhost:5175/:0
[ 5334908ms] [ERROR] Failed to load resource: net::ERR_CONNECTION_REFUSED @ http://localhost:5175/:0
[ 5338276ms] [ERROR] Failed to load resource: net::ERR_CONNECTION_REFUSED @ http://localhost:5175/:0
[ 5341618ms] [ERROR] Failed to load resource: net::ERR_CONNECTION_REFUSED @ http://localhost:5175/:0
[ 5344971ms] [ERROR] Failed to load resource: net::ERR_CONNECTION_REFUSED @ http://localhost:5175/:0
[ 5348345ms] [ERROR] Failed to load resource: net::ERR_CONNECTION_REFUSED @ http://localhost:5175/:0
[ 5351698ms] [ERROR] Failed to load resource: net::ERR_CONNECTION_REFUSED @ http://localhost:5175/:0
[ 5355075ms] [ERROR] Failed to load resource: net::ERR_CONNECTION_REFUSED @ http://localhost:5175/:0
[ 5358459ms] [ERROR] Failed to load resource: net::ERR_CONNECTION_REFUSED @ http://localhost:5175/:0
[ 5361842ms] [ERROR] Failed to load resource: net::ERR_CONNECTION_REFUSED @ http://localhost:5175/:0
[ 5365207ms] [ERROR] Failed to load resource: net::ERR_CONNECTION_REFUSED @ http://localhost:5175/:0
[ 5368592ms] [ERROR] Failed to load resource: net::ERR_CONNECTION_REFUSED @ http://localhost:5175/:0
[ 5371946ms] [ERROR] Failed to load resource: net::ERR_CONNECTION_REFUSED @ http://localhost:5175/:0
[ 5375309ms] [ERROR] Failed to load resource: net::ERR_CONNECTION_REFUSED @ http://localhost:5175/:0
[ 5378669ms] [ERROR] Failed to load resource: net::ERR_CONNECTION_REFUSED @ http://localhost:5175/:0
[ 5382021ms] [ERROR] Failed to load resource: net::ERR_CONNECTION_REFUSED @ http://localhost:5175/:0
[ 5385372ms] [ERROR] Failed to load resource: net::ERR_CONNECTION_REFUSED @ http://localhost:5175/:0
[ 5388755ms] [ERROR] Failed to load resource: net::ERR_CONNECTION_REFUSED @ http://localhost:5175/:0
[ 5392123ms] [ERROR] Failed to load resource: net::ERR_CONNECTION_REFUSED @ http://localhost:5175/:0
[ 5395483ms] [ERROR] Failed to load resource: net::ERR_CONNECTION_REFUSED @ http://localhost:5175/:0
[ 5398837ms] [ERROR] Failed to load resource: net::ERR_CONNECTION_REFUSED @ http://localhost:5175/:0
[ 5402218ms] [ERROR] Failed to load resource: net::ERR_CONNECTION_REFUSED @ http://localhost:5175/:0
[ 5405572ms] [ERROR] Failed to load resource: net::ERR_CONNECTION_REFUSED @ http://localhost:5175/:0
[ 5408936ms] [ERROR] Failed to load resource: net::ERR_CONNECTION_REFUSED @ http://localhost:5175/:0
[ 5412286ms] [ERROR] Failed to load resource: net::ERR_CONNECTION_REFUSED @ http://localhost:5175/:0
[ 5415630ms] [ERROR] Failed to load resource: net::ERR_CONNECTION_REFUSED @ http://localhost:5175/:0
[ 5418997ms] [ERROR] Failed to load resource: net::ERR_CONNECTION_REFUSED @ http://localhost:5175/:0
[ 5422374ms] [ERROR] Failed to load resource: net::ERR_CONNECTION_REFUSED @ http://localhost:5175/:0
[ 5425737ms] [ERROR] Failed to load resource: net::ERR_CONNECTION_REFUSED @ http://localhost:5175/:0
[ 5429120ms] [ERROR] Failed to load resource: net::ERR_CONNECTION_REFUSED @ http://localhost:5175/:0
[ 5432490ms] [ERROR] Failed to load resource: net::ERR_CONNECTION_REFUSED @ http://localhost:5175/:0
[ 5435873ms] [ERROR] Failed to load resource: net::ERR_CONNECTION_REFUSED @ http://localhost:5175/:0
[ 5439257ms] [ERROR] Failed to load resource: net::ERR_CONNECTION_REFUSED @ http://localhost:5175/:0
[ 5442623ms] [ERROR] Failed to load resource: net::ERR_CONNECTION_REFUSED @ http://localhost:5175/:0
[ 5445992ms] [ERROR] Failed to load resource: net::ERR_CONNECTION_REFUSED @ http://localhost:5175/:0
[ 5449345ms] [ERROR] Failed to load resource: net::ERR_CONNECTION_REFUSED @ http://localhost:5175/:0
[ 5452711ms] [ERROR] Failed to load resource: net::ERR_CONNECTION_REFUSED @ http://localhost:5175/:0
[ 5456080ms] [ERROR] Failed to load resource: net::ERR_CONNECTION_REFUSED @ http://localhost:5175/:0
[ 5459448ms] [ERROR] Failed to load resource: net::ERR_CONNECTION_REFUSED @ http://localhost:5175/:0
[ 5462818ms] [ERROR] Failed to load resource: net::ERR_CONNECTION_REFUSED @ http://localhost:5175/:0
[ 5466185ms] [ERROR] Failed to load resource: net::ERR_CONNECTION_REFUSED @ http://localhost:5175/:0
[ 5469550ms] [ERROR] Failed to load resource: net::ERR_CONNECTION_REFUSED @ http://localhost:5175/:0
[ 5472928ms] [ERROR] Failed to load resource: net::ERR_CONNECTION_REFUSED @ http://localhost:5175/:0
[ 5476272ms] [ERROR] Failed to load resource: net::ERR_CONNECTION_REFUSED @ http://localhost:5175/:0
[ 5479609ms] [ERROR] Failed to load resource: net::ERR_CONNECTION_REFUSED @ http://localhost:5175/:0
[ 5482978ms] [ERROR] Failed to load resource: net::ERR_CONNECTION_REFUSED @ http://localhost:5175/:0
[ 5486329ms] [ERROR] Failed to load resource: net::ERR_CONNECTION_REFUSED @ http://localhost:5175/:0
[ 5489712ms] [ERROR] Failed to load resource: net::ERR_CONNECTION_REFUSED @ http://localhost:5175/:0
[ 5493099ms] [ERROR] Failed to load resource: net::ERR_CONNECTION_REFUSED @ http://localhost:5175/:0
[ 5496482ms] [ERROR] Failed to load resource: net::ERR_CONNECTION_REFUSED @ http://localhost:5175/:0
[ 5499831ms] [ERROR] Failed to load resource: net::ERR_CONNECTION_REFUSED @ http://localhost:5175/:0
[ 5503194ms] [ERROR] Failed to load resource: net::ERR_CONNECTION_REFUSED @ http://localhost:5175/:0
[ 5506578ms] [ERROR] Failed to load resource: net::ERR_CONNECTION_REFUSED @ http://localhost:5175/:0
[ 5509945ms] [ERROR] Failed to load resource: net::ERR_CONNECTION_REFUSED @ http://localhost:5175/:0
[ 5513328ms] [ERROR] Failed to load resource: net::ERR_CONNECTION_REFUSED @ http://localhost:5175/:0
[ 5516695ms] [ERROR] Failed to load resource: net::ERR_CONNECTION_REFUSED @ http://localhost:5175/:0
[ 5520046ms] [ERROR] Failed to load resource: net::ERR_CONNECTION_REFUSED @ http://localhost:5175/:0
[ 5523412ms] [ERROR] Failed to load resource: net::ERR_CONNECTION_REFUSED @ http://localhost:5175/:0
[ 5526766ms] [ERROR] Failed to load resource: net::ERR_CONNECTION_REFUSED @ http://localhost:5175/:0
[ 5530131ms] [ERROR] Failed to load resource: net::ERR_CONNECTION_REFUSED @ http://localhost:5175/:0
[ 5533495ms] [ERROR] Failed to load resource: net::ERR_CONNECTION_REFUSED @ http://localhost:5175/:0
[ 5536864ms] [ERROR] Failed to load resource: net::ERR_CONNECTION_REFUSED @ http://localhost:5175/:0
[ 5540218ms] [ERROR] Failed to load resource: net::ERR_CONNECTION_REFUSED @ http://localhost:5175/:0
[ 5543572ms] [ERROR] Failed to load resource: net::ERR_CONNECTION_REFUSED @ http://localhost:5175/:0
[ 5546958ms] [ERROR] Failed to load resource: net::ERR_CONNECTION_REFUSED @ http://localhost:5175/:0
[ 5550313ms] [ERROR] Failed to load resource: net::ERR_CONNECTION_REFUSED @ http://localhost:5175/:0
[ 5553652ms] [ERROR] Failed to load resource: net::ERR_CONNECTION_REFUSED @ http://localhost:5175/:0
[ 5557004ms] [ERROR] Failed to load resource: net::ERR_CONNECTION_REFUSED @ http://localhost:5175/:0
[ 5560384ms] [ERROR] Failed to load resource: net::ERR_CONNECTION_REFUSED @ http://localhost:5175/:0
[ 5563768ms] [ERROR] Failed to load resource: net::ERR_CONNECTION_REFUSED @ http://localhost:5175/:0
[ 5567117ms] [ERROR] Failed to load resource: net::ERR_CONNECTION_REFUSED @ http://localhost:5175/:0
[ 5570471ms] [ERROR] Failed to load resource: net::ERR_CONNECTION_REFUSED @ http://localhost:5175/:0
[ 5573838ms] [ERROR] Failed to load resource: net::ERR_CONNECTION_REFUSED @ http://localhost:5175/:0
[ 5577179ms] [ERROR] Failed to load resource: net::ERR_CONNECTION_REFUSED @ http://localhost:5175/:0
[ 5580535ms] [ERROR] Failed to load resource: net::ERR_CONNECTION_REFUSED @ http://localhost:5175/:0
[ 5583919ms] [ERROR] Failed to load resource: net::ERR_CONNECTION_REFUSED @ http://localhost:5175/:0
[ 5587302ms] [ERROR] Failed to load resource: net::ERR_CONNECTION_REFUSED @ http://localhost:5175/:0
[ 5590680ms] [ERROR] Failed to load resource: net::ERR_CONNECTION_REFUSED @ http://localhost:5175/:0
[ 5594061ms] [ERROR] Failed to load resource: net::ERR_CONNECTION_REFUSED @ http://localhost:5175/:0
[ 5597406ms] [ERROR] Failed to load resource: net::ERR_CONNECTION_REFUSED @ http://localhost:5175/:0
[ 5600776ms] [ERROR] Failed to load resource: net::ERR_CONNECTION_REFUSED @ http://localhost:5175/:0
[ 5604112ms] [ERROR] Failed to load resource: net::ERR_CONNECTION_REFUSED @ http://localhost:5175/:0
[ 5607465ms] [ERROR] Failed to load resource: net::ERR_CONNECTION_REFUSED @ http://localhost:5175/:0
[ 5610832ms] [ERROR] Failed to load resource: net::ERR_CONNECTION_REFUSED @ http://localhost:5175/:0
[ 5614200ms] [ERROR] Failed to load resource: net::ERR_CONNECTION_REFUSED @ http://localhost:5175/:0
[ 5617570ms] [ERROR] Failed to load resource: net::ERR_CONNECTION_REFUSED @ http://localhost:5175/:0
[ 5620934ms] [ERROR] Failed to load resource: net::ERR_CONNECTION_REFUSED @ http://localhost:5175/:0
[ 5624319ms] [ERROR] Failed to load resource: net::ERR_CONNECTION_REFUSED @ http://localhost:5175/:0
[ 5627685ms] [ERROR] Failed to load resource: net::ERR_CONNECTION_REFUSED @ http://localhost:5175/:0
[ 5631050ms] [ERROR] Failed to load resource: net::ERR_CONNECTION_REFUSED @ http://localhost:5175/:0
[ 5634418ms] [ERROR] Failed to load resource: net::ERR_CONNECTION_REFUSED @ http://localhost:5175/:0
[ 5637788ms] [ERROR] Failed to load resource: net::ERR_CONNECTION_REFUSED @ http://localhost:5175/:0
[ 5641156ms] [ERROR] Failed to load resource: net::ERR_CONNECTION_REFUSED @ http://localhost:5175/:0
[ 5644525ms] [ERROR] Failed to load resource: net::ERR_CONNECTION_REFUSED @ http://localhost:5175/:0
[ 5647880ms] [ERROR] Failed to load resource: net::ERR_CONNECTION_REFUSED @ http://localhost:5175/:0
[ 5651243ms] [ERROR] Failed to load resource: net::ERR_CONNECTION_REFUSED @ http://localhost:5175/:0
[ 5654627ms] [ERROR] Failed to load resource: net::ERR_CONNECTION_REFUSED @ http://localhost:5175/:0
[ 5658007ms] [ERROR] Failed to load resource: net::ERR_CONNECTION_REFUSED @ http://localhost:5175/:0
[ 5661362ms] [ERROR] Failed to load resource: net::ERR_CONNECTION_REFUSED @ http://localhost:5175/:0
[ 5664714ms] [ERROR] Failed to load resource: net::ERR_CONNECTION_REFUSED @ http://localhost:5175/:0
[ 5668080ms] [ERROR] Failed to load resource: net::ERR_CONNECTION_REFUSED @ http://localhost:5175/:0
[ 5671419ms] [ERROR] Failed to load resource: net::ERR_CONNECTION_REFUSED @ http://localhost:5175/:0
[ 5674785ms] [ERROR] Failed to load resource: net::ERR_CONNECTION_REFUSED @ http://localhost:5175/:0
[ 5678153ms] [ERROR] Failed to load resource: net::ERR_CONNECTION_REFUSED @ http://localhost:5175/:0
[ 5681505ms] [ERROR] Failed to load resource: net::ERR_CONNECTION_REFUSED @ http://localhost:5175/:0
[ 5684872ms] [ERROR] Failed to load resource: net::ERR_CONNECTION_REFUSED @ http://localhost:5175/:0
[ 5688214ms] [ERROR] Failed to load resource: net::ERR_CONNECTION_REFUSED @ http://localhost:5175/:0
[ 5691548ms] [ERROR] Failed to load resource: net::ERR_CONNECTION_REFUSED @ http://localhost:5175/:0
[ 5694921ms] [ERROR] Failed to load resource: net::ERR_CONNECTION_REFUSED @ http://localhost:5175/:0
[ 5698302ms] [ERROR] Failed to load resource: net::ERR_CONNECTION_REFUSED @ http://localhost:5175/:0
[ 5701655ms] [ERROR] Failed to load resource: net::ERR_CONNECTION_REFUSED @ http://localhost:5175/:0
[ 5705025ms] [ERROR] Failed to load resource: net::ERR_CONNECTION_REFUSED @ http://localhost:5175/:0
[ 5708393ms] [ERROR] Failed to load resource: net::ERR_CONNECTION_REFUSED @ http://localhost:5175/:0
[ 5711744ms] [ERROR] Failed to load resource: net::ERR_CONNECTION_REFUSED @ http://localhost:5175/:0
[ 5715120ms] [ERROR] Failed to load resource: net::ERR_CONNECTION_REFUSED @ http://localhost:5175/:0
[ 5718472ms] [ERROR] Failed to load resource: net::ERR_CONNECTION_REFUSED @ http://localhost:5175/:0
[ 5721851ms] [ERROR] Failed to load resource: net::ERR_CONNECTION_REFUSED @ http://localhost:5175/:0
[ 5725200ms] [ERROR] Failed to load resource: net::ERR_CONNECTION_REFUSED @ http://localhost:5175/:0
[ 5728540ms] [ERROR] Failed to load resource: net::ERR_CONNECTION_REFUSED @ http://localhost:5175/:0
[ 5731894ms] [ERROR] Failed to load resource: net::ERR_CONNECTION_REFUSED @ http://localhost:5175/:0
[ 5735246ms] [ERROR] Failed to load resource: net::ERR_CONNECTION_REFUSED @ http://localhost:5175/:0
[ 5738611ms] [ERROR] Failed to load resource: net::ERR_CONNECTION_REFUSED @ http://localhost:5175/:0
[ 5741947ms] [ERROR] Failed to load resource: net::ERR_CONNECTION_REFUSED @ http://localhost:5175/:0
[ 5745298ms] [ERROR] Failed to load resource: net::ERR_CONNECTION_REFUSED @ http://localhost:5175/:0
[ 5748666ms] [ERROR] Failed to load resource: net::ERR_CONNECTION_REFUSED @ http://localhost:5175/:0
[ 5752032ms] [ERROR] Failed to load resource: net::ERR_CONNECTION_REFUSED @ http://localhost:5175/:0
[ 5755400ms] [ERROR] Failed to load resource: net::ERR_CONNECTION_REFUSED @ http://localhost:5175/:0
[ 5758756ms] [ERROR] Failed to load resource: net::ERR_CONNECTION_REFUSED @ http://localhost:5175/:0
[ 5762109ms] [ERROR] Failed to load resource: net::ERR_CONNECTION_REFUSED @ http://localhost:5175/:0
[ 5765493ms] [ERROR] Failed to load resource: net::ERR_CONNECTION_REFUSED @ http://localhost:5175/:0
[ 5768864ms] [ERROR] Failed to load resource: net::ERR_CONNECTION_REFUSED @ http://localhost:5175/:0
[ 5772231ms] [ERROR] Failed to load resource: net::ERR_CONNECTION_REFUSED @ http://localhost:5175/:0
[ 5775599ms] [ERROR] Failed to load resource: net::ERR_CONNECTION_REFUSED @ http://localhost:5175/:0
[ 5778951ms] [ERROR] Failed to load resource: net::ERR_CONNECTION_REFUSED @ http://localhost:5175/:0
[ 5782330ms] [ERROR] Failed to load resource: net::ERR_CONNECTION_REFUSED @ http://localhost:5175/:0
[ 5785691ms] [ERROR] Failed to load resource: net::ERR_CONNECTION_REFUSED @ http://localhost:5175/:0
[ 5789075ms] [ERROR] Failed to load resource: net::ERR_CONNECTION_REFUSED @ http://localhost:5175/:0
[ 5792430ms] [ERROR] Failed to load resource: net::ERR_CONNECTION_REFUSED @ http://localhost:5175/:0
[ 5795800ms] [ERROR] Failed to load resource: net::ERR_CONNECTION_REFUSED @ http://localhost:5175/:0
[ 5799152ms] [ERROR] Failed to load resource: net::ERR_CONNECTION_REFUSED @ http://localhost:5175/:0
[ 5802519ms] [ERROR] Failed to load resource: net::ERR_CONNECTION_REFUSED @ http://localhost:5175/:0
[ 5805886ms] [ERROR] Failed to load resource: net::ERR_CONNECTION_REFUSED @ http://localhost:5175/:0
[ 5809236ms] [ERROR] Failed to load resource: net::ERR_CONNECTION_REFUSED @ http://localhost:5175/:0
[ 5812596ms] [ERROR] Failed to load resource: net::ERR_CONNECTION_REFUSED @ http://localhost:5175/:0
[ 5815948ms] [ERROR] Failed to load resource: net::ERR_CONNECTION_REFUSED @ http://localhost:5175/:0
[ 5819338ms] [ERROR] Failed to load resource: net::ERR_CONNECTION_REFUSED @ http://localhost:5175/:0
[ 5822708ms] [ERROR] Failed to load resource: net::ERR_CONNECTION_REFUSED @ http://localhost:5175/:0
[ 5826063ms] [ERROR] Failed to load resource: net::ERR_CONNECTION_REFUSED @ http://localhost:5175/:0
[ 5829443ms] [ERROR] Failed to load resource: net::ERR_CONNECTION_REFUSED @ http://localhost:5175/:0
[ 5832793ms] [ERROR] Failed to load resource: net::ERR_CONNECTION_REFUSED @ http://localhost:5175/:0
[ 5836115ms] [ERROR] Failed to load resource: net::ERR_CONNECTION_REFUSED @ http://localhost:5175/:0
[ 5839483ms] [ERROR] Failed to load resource: net::ERR_CONNECTION_REFUSED @ http://localhost:5175/:0
[ 5842850ms] [ERROR] Failed to load resource: net::ERR_CONNECTION_REFUSED @ http://localhost:5175/:0
[ 5846198ms] [ERROR] Failed to load resource: net::ERR_CONNECTION_REFUSED @ http://localhost:5175/:0
[ 5849551ms] [ERROR] Failed to load resource: net::ERR_CONNECTION_REFUSED @ http://localhost:5175/:0
[ 5852919ms] [ERROR] Failed to load resource: net::ERR_CONNECTION_REFUSED @ http://localhost:5175/:0
[ 5856272ms] [ERROR] Failed to load resource: net::ERR_CONNECTION_REFUSED @ http://localhost:5175/:0
[ 5859655ms] [ERROR] Failed to load resource: net::ERR_CONNECTION_REFUSED @ http://localhost:5175/:0
[ 5863020ms] [ERROR] Failed to load resource: net::ERR_CONNECTION_REFUSED @ http://localhost:5175/:0
[ 5866387ms] [ERROR] Failed to load resource: net::ERR_CONNECTION_REFUSED @ http://localhost:5175/:0
[ 5869771ms] [ERROR] Failed to load resource: net::ERR_CONNECTION_REFUSED @ http://localhost:5175/:0
[ 5873153ms] [ERROR] Failed to load resource: net::ERR_CONNECTION_REFUSED @ http://localhost:5175/:0
[ 5876529ms] [ERROR] Failed to load resource: net::ERR_CONNECTION_REFUSED @ http://localhost:5175/:0
[ 5879884ms] [ERROR] Failed to load resource: net::ERR_CONNECTION_REFUSED @ http://localhost:5175/:0
[ 5883249ms] [ERROR] Failed to load resource: net::ERR_CONNECTION_REFUSED @ http://localhost:5175/:0
[ 5886619ms] [ERROR] Failed to load resource: net::ERR_CONNECTION_REFUSED @ http://localhost:5175/:0
[ 5889986ms] [ERROR] Failed to load resource: net::ERR_CONNECTION_REFUSED @ http://localhost:5175/:0
[ 5893352ms] [ERROR] Failed to load resource: net::ERR_CONNECTION_REFUSED @ http://localhost:5175/:0
[ 5896700ms] [ERROR] Failed to load resource: net::ERR_CONNECTION_REFUSED @ http://localhost:5175/:0
[ 5900062ms] [ERROR] Failed to load resource: net::ERR_CONNECTION_REFUSED @ http://localhost:5175/:0
[ 5903432ms] [ERROR] Failed to load resource: net::ERR_CONNECTION_REFUSED @ http://localhost:5175/:0
[ 5906794ms] [ERROR] Failed to load resource: net::ERR_CONNECTION_REFUSED @ http://localhost:5175/:0
[ 5910130ms] [ERROR] Failed to load resource: net::ERR_CONNECTION_REFUSED @ http://localhost:5175/:0
[ 5913499ms] [ERROR] Failed to load resource: net::ERR_CONNECTION_REFUSED @ http://localhost:5175/:0
[ 5916834ms] [ERROR] Failed to load resource: net::ERR_CONNECTION_REFUSED @ http://localhost:5175/:0
[ 5920216ms] [ERROR] Failed to load resource: net::ERR_CONNECTION_REFUSED @ http://localhost:5175/:0
[ 5923552ms] [ERROR] Failed to load resource: net::ERR_CONNECTION_REFUSED @ http://localhost:5175/:0
[ 5926935ms] [ERROR] Failed to load resource: net::ERR_CONNECTION_REFUSED @ http://localhost:5175/:0
[ 5930286ms] [ERROR] Failed to load resource: net::ERR_CONNECTION_REFUSED @ http://localhost:5175/:0
[ 5933651ms] [ERROR] Failed to load resource: net::ERR_CONNECTION_REFUSED @ http://localhost:5175/:0
[ 5937014ms] [ERROR] Failed to load resource: net::ERR_CONNECTION_REFUSED @ http://localhost:5175/:0
[ 5940381ms] [ERROR] Failed to load resource: net::ERR_CONNECTION_REFUSED @ http://localhost:5175/:0
[ 5943740ms] [ERROR] Failed to load resource: net::ERR_CONNECTION_REFUSED @ http://localhost:5175/:0
[ 5947095ms] [ERROR] Failed to load resource: net::ERR_CONNECTION_REFUSED @ http://localhost:5175/:0
[ 5950461ms] [ERROR] Failed to load resource: net::ERR_CONNECTION_REFUSED @ http://localhost:5175/:0
[ 5953843ms] [ERROR] Failed to load resource: net::ERR_CONNECTION_REFUSED @ http://localhost:5175/:0
[ 5957214ms] [ERROR] Failed to load resource: net::ERR_CONNECTION_REFUSED @ http://localhost:5175/:0
[ 5960567ms] [ERROR] Failed to load resource: net::ERR_CONNECTION_REFUSED @ http://localhost:5175/:0
[ 5963929ms] [ERROR] Failed to load resource: net::ERR_CONNECTION_REFUSED @ http://localhost:5175/:0
[ 5967308ms] [ERROR] Failed to load resource: net::ERR_CONNECTION_REFUSED @ http://localhost:5175/:0
[ 5970655ms] [ERROR] Failed to load resource: net::ERR_CONNECTION_REFUSED @ http://localhost:5175/:0
[ 5974022ms] [ERROR] Failed to load resource: net::ERR_CONNECTION_REFUSED @ http://localhost:5175/:0
[ 5977392ms] [ERROR] Failed to load resource: net::ERR_CONNECTION_REFUSED @ http://localhost:5175/:0
[ 5980756ms] [ERROR] Failed to load resource: net::ERR_CONNECTION_REFUSED @ http://localhost:5175/:0
[ 5984124ms] [ERROR] Failed to load resource: net::ERR_CONNECTION_REFUSED @ http://localhost:5175/:0
[ 5987478ms] [ERROR] Failed to load resource: net::ERR_CONNECTION_REFUSED @ http://localhost:5175/:0
[ 5990832ms] [ERROR] Failed to load resource: net::ERR_CONNECTION_REFUSED @ http://localhost:5175/:0
[ 5994184ms] [ERROR] Failed to load resource: net::ERR_CONNECTION_REFUSED @ http://localhost:5175/:0
[ 5997552ms] [ERROR] Failed to load resource: net::ERR_CONNECTION_REFUSED @ http://localhost:5175/:0
[ 6000898ms] [ERROR] Failed to load resource: net::ERR_CONNECTION_REFUSED @ http://localhost:5175/:0
[ 6004281ms] [ERROR] Failed to load resource: net::ERR_CONNECTION_REFUSED @ http://localhost:5175/:0
[ 6007636ms] [ERROR] Failed to load resource: net::ERR_CONNECTION_REFUSED @ http://localhost:5175/:0
[ 6011000ms] [ERROR] Failed to load resource: net::ERR_CONNECTION_REFUSED @ http://localhost:5175/:0
[ 6014363ms] [ERROR] Failed to load resource: net::ERR_CONNECTION_REFUSED @ http://localhost:5175/:0
[ 6017730ms] [ERROR] Failed to load resource: net::ERR_CONNECTION_REFUSED @ http://localhost:5175/:0
[ 6021084ms] [ERROR] Failed to load resource: net::ERR_CONNECTION_REFUSED @ http://localhost:5175/:0
[ 6024437ms] [ERROR] Failed to load resource: net::ERR_CONNECTION_REFUSED @ http://localhost:5175/:0
[ 6027792ms] [ERROR] Failed to load resource: net::ERR_CONNECTION_REFUSED @ http://localhost:5175/:0
[ 6031167ms] [ERROR] Failed to load resource: net::ERR_CONNECTION_REFUSED @ http://localhost:5175/:0
[ 6034553ms] [ERROR] Failed to load resource: net::ERR_CONNECTION_REFUSED @ http://localhost:5175/:0
[ 6037922ms] [ERROR] Failed to load resource: net::ERR_CONNECTION_REFUSED @ http://localhost:5175/:0
[ 6041289ms] [ERROR] Failed to load resource: net::ERR_CONNECTION_REFUSED @ http://localhost:5175/:0
[ 6044657ms] [ERROR] Failed to load resource: net::ERR_CONNECTION_REFUSED @ http://localhost:5175/:0
[ 6048041ms] [ERROR] Failed to load resource: net::ERR_CONNECTION_REFUSED @ http://localhost:5175/:0
[ 6051411ms] [ERROR] Failed to load resource: net::ERR_CONNECTION_REFUSED @ http://localhost:5175/:0
[ 6054792ms] [ERROR] Failed to load resource: net::ERR_CONNECTION_REFUSED @ http://localhost:5175/:0
[ 6058176ms] [ERROR] Failed to load resource: net::ERR_CONNECTION_REFUSED @ http://localhost:5175/:0
[ 6061540ms] [ERROR] Failed to load resource: net::ERR_CONNECTION_REFUSED @ http://localhost:5175/:0
[ 6064906ms] [ERROR] Failed to load resource: net::ERR_CONNECTION_REFUSED @ http://localhost:5175/:0
[ 6068268ms] [ERROR] Failed to load resource: net::ERR_CONNECTION_REFUSED @ http://localhost:5175/:0
[ 6071633ms] [ERROR] Failed to load resource: net::ERR_CONNECTION_REFUSED @ http://localhost:5175/:0
[ 6075000ms] [ERROR] Failed to load resource: net::ERR_CONNECTION_REFUSED @ http://localhost:5175/:0
[ 6078353ms] [ERROR] Failed to load resource: net::ERR_CONNECTION_REFUSED @ http://localhost:5175/:0
[ 6081719ms] [ERROR] Failed to load resource: net::ERR_CONNECTION_REFUSED @ http://localhost:5175/:0
[ 6085080ms] [ERROR] Failed to load resource: net::ERR_CONNECTION_REFUSED @ http://localhost:5175/:0
[ 6088447ms] [ERROR] Failed to load resource: net::ERR_CONNECTION_REFUSED @ http://localhost:5175/:0
[ 6091807ms] [ERROR] Failed to load resource: net::ERR_CONNECTION_REFUSED @ http://localhost:5175/:0
[ 6095170ms] [ERROR] Failed to load resource: net::ERR_CONNECTION_REFUSED @ http://localhost:5175/:0
[ 6098536ms] [ERROR] Failed to load resource: net::ERR_CONNECTION_REFUSED @ http://localhost:5175/:0
[ 6101917ms] [ERROR] Failed to load resource: net::ERR_CONNECTION_REFUSED @ http://localhost:5175/:0
[ 6105297ms] [ERROR] Failed to load resource: net::ERR_CONNECTION_REFUSED @ http://localhost:5175/:0
[ 6108680ms] [ERROR] Failed to load resource: net::ERR_CONNECTION_REFUSED @ http://localhost:5175/:0
[ 6112062ms] [ERROR] Failed to load resource: net::ERR_CONNECTION_REFUSED @ http://localhost:5175/:0
[ 6115428ms] [ERROR] Failed to load resource: net::ERR_CONNECTION_REFUSED @ http://localhost:5175/:0
[ 6118797ms] [ERROR] Failed to load resource: net::ERR_CONNECTION_REFUSED @ http://localhost:5175/:0
[ 6122166ms] [ERROR] Failed to load resource: net::ERR_CONNECTION_REFUSED @ http://localhost:5175/:0
[ 6125528ms] [ERROR] Failed to load resource: net::ERR_CONNECTION_REFUSED @ http://localhost:5175/:0
[ 6128910ms] [ERROR] Failed to load resource: net::ERR_CONNECTION_REFUSED @ http://localhost:5175/:0
[ 6132269ms] [ERROR] Failed to load resource: net::ERR_CONNECTION_REFUSED @ http://localhost:5175/:0
[ 6135612ms] [ERROR] Failed to load resource: net::ERR_CONNECTION_REFUSED @ http://localhost:5175/:0
[ 6138978ms] [ERROR] Failed to load resource: net::ERR_CONNECTION_REFUSED @ http://localhost:5175/:0
[ 6142363ms] [ERROR] Failed to load resource: net::ERR_CONNECTION_REFUSED @ http://localhost:5175/:0
[ 6145717ms] [ERROR] Failed to load resource: net::ERR_CONNECTION_REFUSED @ http://localhost:5175/:0
[ 6149069ms] [ERROR] Failed to load resource: net::ERR_CONNECTION_REFUSED @ http://localhost:5175/:0
[ 6152440ms] [ERROR] Failed to load resource: net::ERR_CONNECTION_REFUSED @ http://localhost:5175/:0
[ 6155787ms] [ERROR] Failed to load resource: net::ERR_CONNECTION_REFUSED @ http://localhost:5175/:0
[ 6159139ms] [ERROR] Failed to load resource: net::ERR_CONNECTION_REFUSED @ http://localhost:5175/:0
[ 6162520ms] [ERROR] Failed to load resource: net::ERR_CONNECTION_REFUSED @ http://localhost:5175/:0
[ 6165889ms] [ERROR] Failed to load resource: net::ERR_CONNECTION_REFUSED @ http://localhost:5175/:0
[ 6169271ms] [ERROR] Failed to load resource: net::ERR_CONNECTION_REFUSED @ http://localhost:5175/:0
[ 6172626ms] [ERROR] Failed to load resource: net::ERR_CONNECTION_REFUSED @ http://localhost:5175/:0
[ 6175978ms] [ERROR] Failed to load resource: net::ERR_CONNECTION_REFUSED @ http://localhost:5175/:0
[ 6179346ms] [ERROR] Failed to load resource: net::ERR_CONNECTION_REFUSED @ http://localhost:5175/:0
[ 6182715ms] [ERROR] Failed to load resource: net::ERR_CONNECTION_REFUSED @ http://localhost:5175/:0
[ 6186060ms] [ERROR] Failed to load resource: net::ERR_CONNECTION_REFUSED @ http://localhost:5175/:0
[ 6189442ms] [ERROR] Failed to load resource: net::ERR_CONNECTION_REFUSED @ http://localhost:5175/:0
[ 6192807ms] [ERROR] Failed to load resource: net::ERR_CONNECTION_REFUSED @ http://localhost:5175/:0
[ 6196174ms] [ERROR] Failed to load resource: net::ERR_CONNECTION_REFUSED @ http://localhost:5175/:0
[ 6199544ms] [ERROR] Failed to load resource: net::ERR_CONNECTION_REFUSED @ http://localhost:5175/:0
[ 6202924ms] [ERROR] Failed to load resource: net::ERR_CONNECTION_REFUSED @ http://localhost:5175/:0
[ 6206291ms] [ERROR] Failed to load resource: net::ERR_CONNECTION_REFUSED @ http://localhost:5175/:0
[ 6209673ms] [ERROR] Failed to load resource: net::ERR_CONNECTION_REFUSED @ http://localhost:5175/:0
[ 6213013ms] [ERROR] Failed to load resource: net::ERR_CONNECTION_REFUSED @ http://localhost:5175/:0
[ 6216388ms] [ERROR] Failed to load resource: net::ERR_CONNECTION_REFUSED @ http://localhost:5175/:0
[ 6219700ms] [ERROR] Failed to load resource: net::ERR_CONNECTION_REFUSED @ http://localhost:5175/:0
[ 6223038ms] [ERROR] Failed to load resource: net::ERR_CONNECTION_REFUSED @ http://localhost:5175/:0
[ 6226383ms] [ERROR] Failed to load resource: net::ERR_CONNECTION_REFUSED @ http://localhost:5175/:0
[ 6229749ms] [ERROR] Failed to load resource: net::ERR_CONNECTION_REFUSED @ http://localhost:5175/:0
[ 6233081ms] [ERROR] Failed to load resource: net::ERR_CONNECTION_REFUSED @ http://localhost:5175/:0
[ 6236426ms] [ERROR] Failed to load resource: net::ERR_CONNECTION_REFUSED @ http://localhost:5175/:0
[ 6239793ms] [ERROR] Failed to load resource: net::ERR_CONNECTION_REFUSED @ http://localhost:5175/:0
[ 6243135ms] [ERROR] Failed to load resource: net::ERR_CONNECTION_REFUSED @ http://localhost:5175/:0
[ 6246467ms] [ERROR] Failed to load resource: net::ERR_CONNECTION_REFUSED @ http://localhost:5175/:0
[ 6249818ms] [ERROR] Failed to load resource: net::ERR_CONNECTION_REFUSED @ http://localhost:5175/:0
[ 6253178ms] [ERROR] Failed to load resource: net::ERR_CONNECTION_REFUSED @ http://localhost:5175/:0
[ 6256517ms] [ERROR] Failed to load resource: net::ERR_CONNECTION_REFUSED @ http://localhost:5175/:0
[ 6259849ms] [ERROR] Failed to load resource: net::ERR_CONNECTION_REFUSED @ http://localhost:5175/:0
[ 6263182ms] [ERROR] Failed to load resource: net::ERR_CONNECTION_REFUSED @ http://localhost:5175/:0
[ 6266536ms] [ERROR] Failed to load resource: net::ERR_CONNECTION_REFUSED @ http://localhost:5175/:0
[ 6269875ms] [ERROR] Failed to load resource: net::ERR_CONNECTION_REFUSED @ http://localhost:5175/:0
[ 6273212ms] [ERROR] Failed to load resource: net::ERR_CONNECTION_REFUSED @ http://localhost:5175/:0
[ 6276555ms] [ERROR] Failed to load resource: net::ERR_CONNECTION_REFUSED @ http://localhost:5175/:0
[ 6279880ms] [ERROR] Failed to load resource: net::ERR_CONNECTION_REFUSED @ http://localhost:5175/:0
[ 6283249ms] [ERROR] Failed to load resource: net::ERR_CONNECTION_REFUSED @ http://localhost:5175/:0
[ 6286625ms] [ERROR] Failed to load resource: net::ERR_CONNECTION_REFUSED @ http://localhost:5175/:0
[ 6289966ms] [ERROR] Failed to load resource: net::ERR_CONNECTION_REFUSED @ http://localhost:5175/:0
[ 6293339ms] [ERROR] Failed to load resource: net::ERR_CONNECTION_REFUSED @ http://localhost:5175/:0
[ 6296715ms] [ERROR] Failed to load resource: net::ERR_CONNECTION_REFUSED @ http://localhost:5175/:0
[ 6300049ms] [ERROR] Failed to load resource: net::ERR_CONNECTION_REFUSED @ http://localhost:5175/:0
[ 6303423ms] [ERROR] Failed to load resource: net::ERR_CONNECTION_REFUSED @ http://localhost:5175/:0
[ 6306766ms] [ERROR] Failed to load resource: net::ERR_CONNECTION_REFUSED @ http://localhost:5175/:0
[ 6310099ms] [ERROR] Failed to load resource: net::ERR_CONNECTION_REFUSED @ http://localhost:5175/:0
[ 6313457ms] [ERROR] Failed to load resource: net::ERR_CONNECTION_REFUSED @ http://localhost:5175/:0
[ 6316794ms] [ERROR] Failed to load resource: net::ERR_CONNECTION_REFUSED @ http://localhost:5175/:0
[ 6320148ms] [ERROR] Failed to load resource: net::ERR_CONNECTION_REFUSED @ http://localhost:5175/:0
[ 6323481ms] [ERROR] Failed to load resource: net::ERR_CONNECTION_REFUSED @ http://localhost:5175/:0
[ 6326818ms] [ERROR] Failed to load resource: net::ERR_CONNECTION_REFUSED @ http://localhost:5175/:0
[ 6330168ms] [ERROR] Failed to load resource: net::ERR_CONNECTION_REFUSED @ http://localhost:5175/:0
[ 6333508ms] [ERROR] Failed to load resource: net::ERR_CONNECTION_REFUSED @ http://localhost:5175/:0
[ 6336864ms] [ERROR] Failed to load resource: net::ERR_CONNECTION_REFUSED @ http://localhost:5175/:0
[ 6340200ms] [ERROR] Failed to load resource: net::ERR_CONNECTION_REFUSED @ http://localhost:5175/:0
[ 6343571ms] [ERROR] Failed to load resource: net::ERR_CONNECTION_REFUSED @ http://localhost:5175/:0
[ 6346940ms] [ERROR] Failed to load resource: net::ERR_CONNECTION_REFUSED @ http://localhost:5175/:0
[ 6350305ms] [ERROR] Failed to load resource: net::ERR_CONNECTION_REFUSED @ http://localhost:5175/:0
[ 6353664ms] [ERROR] Failed to load resource: net::ERR_CONNECTION_REFUSED @ http://localhost:5175/:0
[ 6357013ms] [ERROR] Failed to load resource: net::ERR_CONNECTION_REFUSED @ http://localhost:5175/:0
[ 6360359ms] [ERROR] Failed to load resource: net::ERR_CONNECTION_REFUSED @ http://localhost:5175/:0
[ 6363734ms] [ERROR] Failed to load resource: net::ERR_CONNECTION_REFUSED @ http://localhost:5175/:0
[ 6367064ms] [ERROR] Failed to load resource: net::ERR_CONNECTION_REFUSED @ http://localhost:5175/:0
[ 6370425ms] [ERROR] Failed to load resource: net::ERR_CONNECTION_REFUSED @ http://localhost:5175/:0
[ 6373761ms] [ERROR] Failed to load resource: net::ERR_CONNECTION_REFUSED @ http://localhost:5175/:0
[ 6377097ms] [ERROR] Failed to load resource: net::ERR_CONNECTION_REFUSED @ http://localhost:5175/:0
[ 6380448ms] [ERROR] Failed to load resource: net::ERR_CONNECTION_REFUSED @ http://localhost:5175/:0
[ 6383776ms] [ERROR] Failed to load resource: net::ERR_CONNECTION_REFUSED @ http://localhost:5175/:0
[ 6387103ms] [ERROR] Failed to load resource: net::ERR_CONNECTION_REFUSED @ http://localhost:5175/:0
[ 6390464ms] [ERROR] Failed to load resource: net::ERR_CONNECTION_REFUSED @ http://localhost:5175/:0
[ 6393802ms] [ERROR] Failed to load resource: net::ERR_CONNECTION_REFUSED @ http://localhost:5175/:0
[ 6397148ms] [ERROR] Failed to load resource: net::ERR_CONNECTION_REFUSED @ http://localhost:5175/:0
[ 6400479ms] [ERROR] Failed to load resource: net::ERR_CONNECTION_REFUSED @ http://localhost:5175/:0
[ 6403833ms] [ERROR] Failed to load resource: net::ERR_CONNECTION_REFUSED @ http://localhost:5175/:0
[ 6407205ms] [ERROR] Failed to load resource: net::ERR_CONNECTION_REFUSED @ http://localhost:5175/:0
[ 6410553ms] [ERROR] Failed to load resource: net::ERR_CONNECTION_REFUSED @ http://localhost:5175/:0
[ 6413868ms] [ERROR] Failed to load resource: net::ERR_CONNECTION_REFUSED @ http://localhost:5175/:0
[ 6417201ms] [ERROR] Failed to load resource: net::ERR_CONNECTION_REFUSED @ http://localhost:5175/:0
[ 6420533ms] [ERROR] Failed to load resource: net::ERR_CONNECTION_REFUSED @ http://localhost:5175/:0
[ 6423880ms] [ERROR] Failed to load resource: net::ERR_CONNECTION_REFUSED @ http://localhost:5175/:0
[ 6427231ms] [ERROR] Failed to load resource: net::ERR_CONNECTION_REFUSED @ http://localhost:5175/:0
[ 6430579ms] [ERROR] Failed to load resource: net::ERR_CONNECTION_REFUSED @ http://localhost:5175/:0
[ 6433931ms] [ERROR] Failed to load resource: net::ERR_CONNECTION_REFUSED @ http://localhost:5175/:0
[ 6437297ms] [ERROR] Failed to load resource: net::ERR_CONNECTION_REFUSED @ http://localhost:5175/:0
[ 6440650ms] [ERROR] Failed to load resource: net::ERR_CONNECTION_REFUSED @ http://localhost:5175/:0
[ 6444000ms] [ERROR] Failed to load resource: net::ERR_CONNECTION_REFUSED @ http://localhost:5175/:0
[ 6447344ms] [ERROR] Failed to load resource: net::ERR_CONNECTION_REFUSED @ http://localhost:5175/:0
[ 6450681ms] [ERROR] Failed to load resource: net::ERR_CONNECTION_REFUSED @ http://localhost:5175/:0
[ 6454047ms] [ERROR] Failed to load resource: net::ERR_CONNECTION_REFUSED @ http://localhost:5175/:0
[ 6457415ms] [ERROR] Failed to load resource: net::ERR_CONNECTION_REFUSED @ http://localhost:5175/:0
[ 6460794ms] [ERROR] Failed to load resource: net::ERR_CONNECTION_REFUSED @ http://localhost:5175/:0
[ 6464147ms] [ERROR] Failed to load resource: net::ERR_CONNECTION_REFUSED @ http://localhost:5175/:0
[ 6467492ms] [ERROR] Failed to load resource: net::ERR_CONNECTION_REFUSED @ http://localhost:5175/:0
[ 6470863ms] [ERROR] Failed to load resource: net::ERR_CONNECTION_REFUSED @ http://localhost:5175/:0
[ 6474230ms] [ERROR] Failed to load resource: net::ERR_CONNECTION_REFUSED @ http://localhost:5175/:0
[ 6477580ms] [ERROR] Failed to load resource: net::ERR_CONNECTION_REFUSED @ http://localhost:5175/:0
[ 6480916ms] [ERROR] Failed to load resource: net::ERR_CONNECTION_REFUSED @ http://localhost:5175/:0
[ 6484250ms] [ERROR] Failed to load resource: net::ERR_CONNECTION_REFUSED @ http://localhost:5175/:0
[ 6487580ms] [ERROR] Failed to load resource: net::ERR_CONNECTION_REFUSED @ http://localhost:5175/:0
[ 6490930ms] [ERROR] Failed to load resource: net::ERR_CONNECTION_REFUSED @ http://localhost:5175/:0
[ 6494279ms] [ERROR] Failed to load resource: net::ERR_CONNECTION_REFUSED @ http://localhost:5175/:0
[ 6497632ms] [ERROR] Failed to load resource: net::ERR_CONNECTION_REFUSED @ http://localhost:5175/:0
[ 6500979ms] [ERROR] Failed to load resource: net::ERR_CONNECTION_REFUSED @ http://localhost:5175/:0
[ 6504313ms] [ERROR] Failed to load resource: net::ERR_CONNECTION_REFUSED @ http://localhost:5175/:0
[ 6507632ms] [ERROR] Failed to load resource: net::ERR_CONNECTION_REFUSED @ http://localhost:5175/:0
[ 6510964ms] [ERROR] Failed to load resource: net::ERR_CONNECTION_REFUSED @ http://localhost:5175/:0
[ 6514310ms] [ERROR] Failed to load resource: net::ERR_CONNECTION_REFUSED @ http://localhost:5175/:0
[ 6517657ms] [ERROR] Failed to load resource: net::ERR_CONNECTION_REFUSED @ http://localhost:5175/:0
[ 6520998ms] [ERROR] Failed to load resource: net::ERR_CONNECTION_REFUSED @ http://localhost:5175/:0
[ 6524345ms] [ERROR] Failed to load resource: net::ERR_CONNECTION_REFUSED @ http://localhost:5175/:0
[ 6527698ms] [ERROR] Failed to load resource: net::ERR_CONNECTION_REFUSED @ http://localhost:5175/:0
[ 6531049ms] [ERROR] Failed to load resource: net::ERR_CONNECTION_REFUSED @ http://localhost:5175/:0
[ 6534398ms] [ERROR] Failed to load resource: net::ERR_CONNECTION_REFUSED @ http://localhost:5175/:0
[ 6537776ms] [ERROR] Failed to load resource: net::ERR_CONNECTION_REFUSED @ http://localhost:5175/:0
[ 6541096ms] [ERROR] Failed to load resource: net::ERR_CONNECTION_REFUSED @ http://localhost:5175/:0
[ 6544478ms] [ERROR] Failed to load resource: net::ERR_CONNECTION_REFUSED @ http://localhost:5175/:0
[ 6547827ms] [ERROR] Failed to load resource: net::ERR_CONNECTION_REFUSED @ http://localhost:5175/:0
[ 6551182ms] [ERROR] Failed to load resource: net::ERR_CONNECTION_REFUSED @ http://localhost:5175/:0
[ 6554539ms] [ERROR] Failed to load resource: net::ERR_CONNECTION_REFUSED @ http://localhost:5175/:0
[ 6557882ms] [ERROR] Failed to load resource: net::ERR_CONNECTION_REFUSED @ http://localhost:5175/:0
[ 6561249ms] [ERROR] Failed to load resource: net::ERR_CONNECTION_REFUSED @ http://localhost:5175/:0
[ 6564596ms] [ERROR] Failed to load resource: net::ERR_CONNECTION_REFUSED @ http://localhost:5175/:0
[ 6567927ms] [ERROR] Failed to load resource: net::ERR_CONNECTION_REFUSED @ http://localhost:5175/:0
[ 6571264ms] [ERROR] Failed to load resource: net::ERR_CONNECTION_REFUSED @ http://localhost:5175/:0
[ 6574586ms] [ERROR] Failed to load resource: net::ERR_CONNECTION_REFUSED @ http://localhost:5175/:0
[ 6577909ms] [ERROR] Failed to load resource: net::ERR_CONNECTION_REFUSED @ http://localhost:5175/:0
[ 6581246ms] [ERROR] Failed to load resource: net::ERR_CONNECTION_REFUSED @ http://localhost:5175/:0
[ 6584595ms] [ERROR] Failed to load resource: net::ERR_CONNECTION_REFUSED @ http://localhost:5175/:0
[ 6587922ms] [ERROR] Failed to load resource: net::ERR_CONNECTION_REFUSED @ http://localhost:5175/:0
[ 6591279ms] [ERROR] Failed to load resource: net::ERR_CONNECTION_REFUSED @ http://localhost:5175/:0
[ 6594595ms] [ERROR] Failed to load resource: net::ERR_CONNECTION_REFUSED @ http://localhost:5175/:0
[ 6597923ms] [ERROR] Failed to load resource: net::ERR_CONNECTION_REFUSED @ http://localhost:5175/:0
[ 6601250ms] [ERROR] Failed to load resource: net::ERR_CONNECTION_REFUSED @ http://localhost:5175/:0
[ 6604594ms] [ERROR] Failed to load resource: net::ERR_CONNECTION_REFUSED @ http://localhost:5175/:0
[ 6607909ms] [ERROR] Failed to load resource: net::ERR_CONNECTION_REFUSED @ http://localhost:5175/:0
[ 6611221ms] [ERROR] Failed to load resource: net::ERR_CONNECTION_REFUSED @ http://localhost:5175/:0
[ 6614577ms] [ERROR] Failed to load resource: net::ERR_CONNECTION_REFUSED @ http://localhost:5175/:0
[ 6617923ms] [ERROR] Failed to load resource: net::ERR_CONNECTION_REFUSED @ http://localhost:5175/:0
[ 6621267ms] [ERROR] Failed to load resource: net::ERR_CONNECTION_REFUSED @ http://localhost:5175/:0
[ 6624595ms] [ERROR] Failed to load resource: net::ERR_CONNECTION_REFUSED @ http://localhost:5175/:0
[ 6627931ms] [ERROR] Failed to load resource: net::ERR_CONNECTION_REFUSED @ http://localhost:5175/:0
[ 6631277ms] [ERROR] Failed to load resource: net::ERR_CONNECTION_REFUSED @ http://localhost:5175/:0
[ 6634628ms] [ERROR] Failed to load resource: net::ERR_CONNECTION_REFUSED @ http://localhost:5175/:0
[ 6637991ms] [ERROR] Failed to load resource: net::ERR_CONNECTION_REFUSED @ http://localhost:5175/:0
[ 6641326ms] [ERROR] Failed to load resource: net::ERR_CONNECTION_REFUSED @ http://localhost:5175/:0
[ 6644662ms] [ERROR] Failed to load resource: net::ERR_CONNECTION_REFUSED @ http://localhost:5175/:0
[ 6648012ms] [ERROR] Failed to load resource: net::ERR_CONNECTION_REFUSED @ http://localhost:5175/:0
[ 6651360ms] [ERROR] Failed to load resource: net::ERR_CONNECTION_REFUSED @ http://localhost:5175/:0
[ 6654713ms] [ERROR] Failed to load resource: net::ERR_CONNECTION_REFUSED @ http://localhost:5175/:0
[ 6658060ms] [ERROR] Failed to load resource: net::ERR_CONNECTION_REFUSED @ http://localhost:5175/:0
[ 6661421ms] [ERROR] Failed to load resource: net::ERR_CONNECTION_REFUSED @ http://localhost:5175/:0
[ 6664778ms] [ERROR] Failed to load resource: net::ERR_CONNECTION_REFUSED @ http://localhost:5175/:0
[ 6668137ms] [ERROR] Failed to load resource: net::ERR_CONNECTION_REFUSED @ http://localhost:5175/:0
[ 6671457ms] [ERROR] Failed to load resource: net::ERR_CONNECTION_REFUSED @ http://localhost:5175/:0
[ 6674809ms] [ERROR] Failed to load resource: net::ERR_CONNECTION_REFUSED @ http://localhost:5175/:0
[ 6678159ms] [ERROR] Failed to load resource: net::ERR_CONNECTION_REFUSED @ http://localhost:5175/:0
[ 6681485ms] [ERROR] Failed to load resource: net::ERR_CONNECTION_REFUSED @ http://localhost:5175/:0
[ 6684828ms] [ERROR] Failed to load resource: net::ERR_CONNECTION_REFUSED @ http://localhost:5175/:0
[ 6688179ms] [ERROR] Failed to load resource: net::ERR_CONNECTION_REFUSED @ http://localhost:5175/:0
[ 6691511ms] [ERROR] Failed to load resource: net::ERR_CONNECTION_REFUSED @ http://localhost:5175/:0
[ 6694860ms] [ERROR] Failed to load resource: net::ERR_CONNECTION_REFUSED @ http://localhost:5175/:0
[ 6698194ms] [ERROR] Failed to load resource: net::ERR_CONNECTION_REFUSED @ http://localhost:5175/:0
[ 6701544ms] [ERROR] Failed to load resource: net::ERR_CONNECTION_REFUSED @ http://localhost:5175/:0
[ 6704892ms] [ERROR] Failed to load resource: net::ERR_CONNECTION_REFUSED @ http://localhost:5175/:0
[ 6708252ms] [ERROR] Failed to load resource: net::ERR_CONNECTION_REFUSED @ http://localhost:5175/:0
[ 6711614ms] [ERROR] Failed to load resource: net::ERR_CONNECTION_REFUSED @ http://localhost:5175/:0
[ 6714971ms] [ERROR] Failed to load resource: net::ERR_CONNECTION_REFUSED @ http://localhost:5175/:0
[ 6718327ms] [ERROR] Failed to load resource: net::ERR_CONNECTION_REFUSED @ http://localhost:5175/:0
[ 6721684ms] [ERROR] Failed to load resource: net::ERR_CONNECTION_REFUSED @ http://localhost:5175/:0
[ 6725046ms] [ERROR] Failed to load resource: net::ERR_CONNECTION_REFUSED @ http://localhost:5175/:0
[ 6728395ms] [ERROR] Failed to load resource: net::ERR_CONNECTION_REFUSED @ http://localhost:5175/:0
[ 6731773ms] [ERROR] Failed to load resource: net::ERR_CONNECTION_REFUSED @ http://localhost:5175/:0
[ 6735119ms] [ERROR] Failed to load resource: net::ERR_CONNECTION_REFUSED @ http://localhost:5175/:0
[ 6738477ms] [ERROR] Failed to load resource: net::ERR_CONNECTION_REFUSED @ http://localhost:5175/:0
[ 6741838ms] [ERROR] Failed to load resource: net::ERR_CONNECTION_REFUSED @ http://localhost:5175/:0
[ 6745173ms] [ERROR] Failed to load resource: net::ERR_CONNECTION_REFUSED @ http://localhost:5175/:0
[ 6748531ms] [ERROR] Failed to load resource: net::ERR_CONNECTION_REFUSED @ http://localhost:5175/:0
[ 6751877ms] [ERROR] Failed to load resource: net::ERR_CONNECTION_REFUSED @ http://localhost:5175/:0
[ 6755216ms] [ERROR] Failed to load resource: net::ERR_CONNECTION_REFUSED @ http://localhost:5175/:0
[ 6758559ms] [ERROR] Failed to load resource: net::ERR_CONNECTION_REFUSED @ http://localhost:5175/:0
[ 6761895ms] [ERROR] Failed to load resource: net::ERR_CONNECTION_REFUSED @ http://localhost:5175/:0
[ 6765270ms] [ERROR] Failed to load resource: net::ERR_CONNECTION_REFUSED @ http://localhost:5175/:0
[ 6768610ms] [ERROR] Failed to load resource: net::ERR_CONNECTION_REFUSED @ http://localhost:5175/:0
[ 6771946ms] [ERROR] Failed to load resource: net::ERR_CONNECTION_REFUSED @ http://localhost:5175/:0
[ 6775292ms] [ERROR] Failed to load resource: net::ERR_CONNECTION_REFUSED @ http://localhost:5175/:0
[ 6778643ms] [ERROR] Failed to load resource: net::ERR_CONNECTION_REFUSED @ http://localhost:5175/:0
[ 6781976ms] [ERROR] Failed to load resource: net::ERR_CONNECTION_REFUSED @ http://localhost:5175/:0
[ 6785311ms] [ERROR] Failed to load resource: net::ERR_CONNECTION_REFUSED @ http://localhost:5175/:0
[ 6788643ms] [ERROR] Failed to load resource: net::ERR_CONNECTION_REFUSED @ http://localhost:5175/:0
[ 6791993ms] [ERROR] Failed to load resource: net::ERR_CONNECTION_REFUSED @ http://localhost:5175/:0
[ 6795358ms] [ERROR] Failed to load resource: net::ERR_CONNECTION_REFUSED @ http://localhost:5175/:0
[ 6798700ms] [ERROR] Failed to load resource: net::ERR_CONNECTION_REFUSED @ http://localhost:5175/:0
[ 6802044ms] [ERROR] Failed to load resource: net::ERR_CONNECTION_REFUSED @ http://localhost:5175/:0
[ 6805388ms] [ERROR] Failed to load resource: net::ERR_CONNECTION_REFUSED @ http://localhost:5175/:0
[ 6808743ms] [ERROR] Failed to load resource: net::ERR_CONNECTION_REFUSED @ http://localhost:5175/:0
[ 6812084ms] [ERROR] Failed to load resource: net::ERR_CONNECTION_REFUSED @ http://localhost:5175/:0
[ 6815402ms] [ERROR] Failed to load resource: net::ERR_CONNECTION_REFUSED @ http://localhost:5175/:0
[ 6818743ms] [ERROR] Failed to load resource: net::ERR_CONNECTION_REFUSED @ http://localhost:5175/:0
[ 6822082ms] [ERROR] Failed to load resource: net::ERR_CONNECTION_REFUSED @ http://localhost:5175/:0
[ 6825435ms] [ERROR] Failed to load resource: net::ERR_CONNECTION_REFUSED @ http://localhost:5175/:0
[ 6828802ms] [ERROR] Failed to load resource: net::ERR_CONNECTION_REFUSED @ http://localhost:5175/:0
[ 6832146ms] [ERROR] Failed to load resource: net::ERR_CONNECTION_REFUSED @ http://localhost:5175/:0
[ 6835491ms] [ERROR] Failed to load resource: net::ERR_CONNECTION_REFUSED @ http://localhost:5175/:0
[ 6838851ms] [ERROR] Failed to load resource: net::ERR_CONNECTION_REFUSED @ http://localhost:5175/:0
[ 6842211ms] [ERROR] Failed to load resource: net::ERR_CONNECTION_REFUSED @ http://localhost:5175/:0
[ 6845565ms] [ERROR] Failed to load resource: net::ERR_CONNECTION_REFUSED @ http://localhost:5175/:0
[ 6848916ms] [ERROR] Failed to load resource: net::ERR_CONNECTION_REFUSED @ http://localhost:5175/:0
[ 6852242ms] [ERROR] Failed to load resource: net::ERR_CONNECTION_REFUSED @ http://localhost:5175/:0
[ 6855598ms] [ERROR] Failed to load resource: net::ERR_CONNECTION_REFUSED @ http://localhost:5175/:0
[ 6858940ms] [ERROR] Failed to load resource: net::ERR_CONNECTION_REFUSED @ http://localhost:5175/:0
[ 6862274ms] [ERROR] Failed to load resource: net::ERR_CONNECTION_REFUSED @ http://localhost:5175/:0
[ 6865636ms] [ERROR] Failed to load resource: net::ERR_CONNECTION_REFUSED @ http://localhost:5175/:0
[ 6868961ms] [ERROR] Failed to load resource: net::ERR_CONNECTION_REFUSED @ http://localhost:5175/:0
[ 6872309ms] [ERROR] Failed to load resource: net::ERR_CONNECTION_REFUSED @ http://localhost:5175/:0
[ 6875660ms] [ERROR] Failed to load resource: net::ERR_CONNECTION_REFUSED @ http://localhost:5175/:0
[ 6879024ms] [ERROR] Failed to load resource: net::ERR_CONNECTION_REFUSED @ http://localhost:5175/:0
[ 6882376ms] [ERROR] Failed to load resource: net::ERR_CONNECTION_REFUSED @ http://localhost:5175/:0
[ 6885724ms] [ERROR] Failed to load resource: net::ERR_CONNECTION_REFUSED @ http://localhost:5175/:0
[ 6889071ms] [ERROR] Failed to load resource: net::ERR_CONNECTION_REFUSED @ http://localhost:5175/:0
[ 6892424ms] [ERROR] Failed to load resource: net::ERR_CONNECTION_REFUSED @ http://localhost:5175/:0
[ 6895775ms] [ERROR] Failed to load resource: net::ERR_CONNECTION_REFUSED @ http://localhost:5175/:0
[ 6899125ms] [ERROR] Failed to load resource: net::ERR_CONNECTION_REFUSED @ http://localhost:5175/:0
[ 6902445ms] [ERROR] Failed to load resource: net::ERR_CONNECTION_REFUSED @ http://localhost:5175/:0
[ 6905809ms] [ERROR] Failed to load resource: net::ERR_CONNECTION_REFUSED @ http://localhost:5175/:0
[ 6909135ms] [ERROR] Failed to load resource: net::ERR_CONNECTION_REFUSED @ http://localhost:5175/:0
[ 6912473ms] [ERROR] Failed to load resource: net::ERR_CONNECTION_REFUSED @ http://localhost:5175/:0
[ 6915823ms] [ERROR] Failed to load resource: net::ERR_CONNECTION_REFUSED @ http://localhost:5175/:0
[ 6919174ms] [ERROR] Failed to load resource: net::ERR_CONNECTION_REFUSED @ http://localhost:5175/:0
[ 6922512ms] [ERROR] Failed to load resource: net::ERR_CONNECTION_REFUSED @ http://localhost:5175/:0
[ 6925874ms] [ERROR] Failed to load resource: net::ERR_CONNECTION_REFUSED @ http://localhost:5175/:0
[ 6929217ms] [ERROR] Failed to load resource: net::ERR_CONNECTION_REFUSED @ http://localhost:5175/:0
[ 6932590ms] [ERROR] Failed to load resource: net::ERR_CONNECTION_REFUSED @ http://localhost:5175/:0
[ 6935943ms] [ERROR] Failed to load resource: net::ERR_CONNECTION_REFUSED @ http://localhost:5175/:0
[ 6939290ms] [ERROR] Failed to load resource: net::ERR_CONNECTION_REFUSED @ http://localhost:5175/:0
[ 6942622ms] [ERROR] Failed to load resource: net::ERR_CONNECTION_REFUSED @ http://localhost:5175/:0
[ 6945970ms] [ERROR] Failed to load resource: net::ERR_CONNECTION_REFUSED @ http://localhost:5175/:0
[ 6949308ms] [ERROR] Failed to load resource: net::ERR_CONNECTION_REFUSED @ http://localhost:5175/:0
[ 6952641ms] [ERROR] Failed to load resource: net::ERR_CONNECTION_REFUSED @ http://localhost:5175/:0
[ 6955992ms] [ERROR] Failed to load resource: net::ERR_CONNECTION_REFUSED @ http://localhost:5175/:0
[ 6959351ms] [ERROR] Failed to load resource: net::ERR_CONNECTION_REFUSED @ http://localhost:5175/:0
[ 6962674ms] [ERROR] Failed to load resource: net::ERR_CONNECTION_REFUSED @ http://localhost:5175/:0
[ 6966007ms] [ERROR] Failed to load resource: net::ERR_CONNECTION_REFUSED @ http://localhost:5175/:0
[ 6969341ms] [ERROR] Failed to load resource: net::ERR_CONNECTION_REFUSED @ http://localhost:5175/:0
[ 6972691ms] [ERROR] Failed to load resource: net::ERR_CONNECTION_REFUSED @ http://localhost:5175/:0
[ 6976018ms] [ERROR] Failed to load resource: net::ERR_CONNECTION_REFUSED @ http://localhost:5175/:0
[ 6979359ms] [ERROR] Failed to load resource: net::ERR_CONNECTION_REFUSED @ http://localhost:5175/:0
[ 6982707ms] [ERROR] Failed to load resource: net::ERR_CONNECTION_REFUSED @ http://localhost:5175/:0
[ 6986057ms] [ERROR] Failed to load resource: net::ERR_CONNECTION_REFUSED @ http://localhost:5175/:0
[ 6989406ms] [ERROR] Failed to load resource: net::ERR_CONNECTION_REFUSED @ http://localhost:5175/:0
[ 6992747ms] [ERROR] Failed to load resource: net::ERR_CONNECTION_REFUSED @ http://localhost:5175/:0
[ 6996095ms] [ERROR] Failed to load resource: net::ERR_CONNECTION_REFUSED @ http://localhost:5175/:0
[ 6999439ms] [ERROR] Failed to load resource: net::ERR_CONNECTION_REFUSED @ http://localhost:5175/:0
[ 7002773ms] [ERROR] Failed to load resource: net::ERR_CONNECTION_REFUSED @ http://localhost:5175/:0
[ 7006111ms] [ERROR] Failed to load resource: net::ERR_CONNECTION_REFUSED @ http://localhost:5175/:0
[ 7009457ms] [ERROR] Failed to load resource: net::ERR_CONNECTION_REFUSED @ http://localhost:5175/:0
[ 7012807ms] [ERROR] Failed to load resource: net::ERR_CONNECTION_REFUSED @ http://localhost:5175/:0
[ 7016164ms] [ERROR] Failed to load resource: net::ERR_CONNECTION_REFUSED @ http://localhost:5175/:0
[ 7019511ms] [ERROR] Failed to load resource: net::ERR_CONNECTION_REFUSED @ http://localhost:5175/:0
[ 7022868ms] [ERROR] Failed to load resource: net::ERR_CONNECTION_REFUSED @ http://localhost:5175/:0
[ 7026203ms] [ERROR] Failed to load resource: net::ERR_CONNECTION_REFUSED @ http://localhost:5175/:0
[ 7029539ms] [ERROR] Failed to load resource: net::ERR_CONNECTION_REFUSED @ http://localhost:5175/:0
[ 7032884ms] [ERROR] Failed to load resource: net::ERR_CONNECTION_REFUSED @ http://localhost:5175/:0
[ 7036223ms] [ERROR] Failed to load resource: net::ERR_CONNECTION_REFUSED @ http://localhost:5175/:0
[ 7039562ms] [ERROR] Failed to load resource: net::ERR_CONNECTION_REFUSED @ http://localhost:5175/:0
[ 7042926ms] [ERROR] Failed to load resource: net::ERR_CONNECTION_REFUSED @ http://localhost:5175/:0
[ 7046291ms] [ERROR] Failed to load resource: net::ERR_CONNECTION_REFUSED @ http://localhost:5175/:0
[ 7049651ms] [ERROR] Failed to load resource: net::ERR_CONNECTION_REFUSED @ http://localhost:5175/:0
[ 7052974ms] [ERROR] Failed to load resource: net::ERR_CONNECTION_REFUSED @ http://localhost:5175/:0
[ 7056322ms] [ERROR] Failed to load resource: net::ERR_CONNECTION_REFUSED @ http://localhost:5175/:0
[ 7059689ms] [ERROR] Failed to load resource: net::ERR_CONNECTION_REFUSED @ http://localhost:5175/:0
[ 7063024ms] [ERROR] Failed to load resource: net::ERR_CONNECTION_REFUSED @ http://localhost:5175/:0
[ 7066374ms] [ERROR] Failed to load resource: net::ERR_CONNECTION_REFUSED @ http://localhost:5175/:0
[ 7069692ms] [ERROR] Failed to load resource: net::ERR_CONNECTION_REFUSED @ http://localhost:5175/:0
[ 7073038ms] [ERROR] Failed to load resource: net::ERR_CONNECTION_REFUSED @ http://localhost:5175/:0
[ 7076369ms] [ERROR] Failed to load resource: net::ERR_CONNECTION_REFUSED @ http://localhost:5175/:0
[ 7079708ms] [ERROR] Failed to load resource: net::ERR_CONNECTION_REFUSED @ http://localhost:5175/:0
[ 7083073ms] [ERROR] Failed to load resource: net::ERR_CONNECTION_REFUSED @ http://localhost:5175/:0
[ 7086422ms] [ERROR] Failed to load resource: net::ERR_CONNECTION_REFUSED @ http://localhost:5175/:0
[ 7089781ms] [ERROR] Failed to load resource: net::ERR_CONNECTION_REFUSED @ http://localhost:5175/:0
[ 7093137ms] [ERROR] Failed to load resource: net::ERR_CONNECTION_REFUSED @ http://localhost:5175/:0
[ 7096494ms] [ERROR] Failed to load resource: net::ERR_CONNECTION_REFUSED @ http://localhost:5175/:0
[ 7099851ms] [ERROR] Failed to load resource: net::ERR_CONNECTION_REFUSED @ http://localhost:5175/:0
[ 7103203ms] [ERROR] Failed to load resource: net::ERR_CONNECTION_REFUSED @ http://localhost:5175/:0
[ 7106539ms] [ERROR] Failed to load resource: net::ERR_CONNECTION_REFUSED @ http://localhost:5175/:0
[ 7109889ms] [ERROR] Failed to load resource: net::ERR_CONNECTION_REFUSED @ http://localhost:5175/:0
[ 7113262ms] [ERROR] Failed to load resource: net::ERR_CONNECTION_REFUSED @ http://localhost:5175/:0
[ 7116625ms] [ERROR] Failed to load resource: net::ERR_CONNECTION_REFUSED @ http://localhost:5175/:0
[ 7119958ms] [ERROR] Failed to load resource: net::ERR_CONNECTION_REFUSED @ http://localhost:5175/:0
[ 7123306ms] [ERROR] Failed to load resource: net::ERR_CONNECTION_REFUSED @ http://localhost:5175/:0
[ 7126657ms] [ERROR] Failed to load resource: net::ERR_CONNECTION_REFUSED @ http://localhost:5175/:0
[ 7129996ms] [ERROR] Failed to load resource: net::ERR_CONNECTION_REFUSED @ http://localhost:5175/:0
[ 7133355ms] [ERROR] Failed to load resource: net::ERR_CONNECTION_REFUSED @ http://localhost:5175/:0
[ 7136704ms] [ERROR] Failed to load resource: net::ERR_CONNECTION_REFUSED @ http://localhost:5175/:0
[ 7140071ms] [ERROR] Failed to load resource: net::ERR_CONNECTION_REFUSED @ http://localhost:5175/:0
[ 7143411ms] [ERROR] Failed to load resource: net::ERR_CONNECTION_REFUSED @ http://localhost:5175/:0
[ 7146758ms] [ERROR] Failed to load resource: net::ERR_CONNECTION_REFUSED @ http://localhost:5175/:0
[ 7150105ms] [ERROR] Failed to load resource: net::ERR_CONNECTION_REFUSED @ http://localhost:5175/:0
[ 7153454ms] [ERROR] Failed to load resource: net::ERR_CONNECTION_REFUSED @ http://localhost:5175/:0
[ 7156791ms] [ERROR] Failed to load resource: net::ERR_CONNECTION_REFUSED @ http://localhost:5175/:0
[ 7160140ms] [ERROR] Failed to load resource: net::ERR_CONNECTION_REFUSED @ http://localhost:5175/:0
[ 7163468ms] [ERROR] Failed to load resource: net::ERR_CONNECTION_REFUSED @ http://localhost:5175/:0
[ 7166803ms] [ERROR] Failed to load resource: net::ERR_CONNECTION_REFUSED @ http://localhost:5175/:0
[ 7170155ms] [ERROR] Failed to load resource: net::ERR_CONNECTION_REFUSED @ http://localhost:5175/:0
[ 7173520ms] [ERROR] Failed to load resource: net::ERR_CONNECTION_REFUSED @ http://localhost:5175/:0
[ 7176859ms] [ERROR] Failed to load resource: net::ERR_CONNECTION_REFUSED @ http://localhost:5175/:0
[ 7180188ms] [ERROR] Failed to load resource: net::ERR_CONNECTION_REFUSED @ http://localhost:5175/:0
[ 7183521ms] [ERROR] Failed to load resource: net::ERR_CONNECTION_REFUSED @ http://localhost:5175/:0
[ 7186855ms] [ERROR] Failed to load resource: net::ERR_CONNECTION_REFUSED @ http://localhost:5175/:0
[ 7190192ms] [ERROR] Failed to load resource: net::ERR_CONNECTION_REFUSED @ http://localhost:5175/:0
[ 7193538ms] [ERROR] Failed to load resource: net::ERR_CONNECTION_REFUSED @ http://localhost:5175/:0
[ 7196892ms] [ERROR] Failed to load resource: net::ERR_CONNECTION_REFUSED @ http://localhost:5175/:0
[ 7200238ms] [ERROR] Failed to load resource: net::ERR_CONNECTION_REFUSED @ http://localhost:5175/:0
[ 7203595ms] [ERROR] Failed to load resource: net::ERR_CONNECTION_REFUSED @ http://localhost:5175/:0
[ 7206953ms] [ERROR] Failed to load resource: net::ERR_CONNECTION_REFUSED @ http://localhost:5175/:0
[ 7210305ms] [ERROR] Failed to load resource: net::ERR_CONNECTION_REFUSED @ http://localhost:5175/:0
[ 7213639ms] [ERROR] Failed to load resource: net::ERR_CONNECTION_REFUSED @ http://localhost:5175/:0
[ 7216972ms] [ERROR] Failed to load resource: net::ERR_CONNECTION_REFUSED @ http://localhost:5175/:0
[ 7220319ms] [ERROR] Failed to load resource: net::ERR_CONNECTION_REFUSED @ http://localhost:5175/:0
[ 7223670ms] [ERROR] Failed to load resource: net::ERR_CONNECTION_REFUSED @ http://localhost:5175/:0
[ 7227026ms] [ERROR] Failed to load resource: net::ERR_CONNECTION_REFUSED @ http://localhost:5175/:0
[ 7230371ms] [ERROR] Failed to load resource: net::ERR_CONNECTION_REFUSED @ http://localhost:5175/:0
[ 7233722ms] [ERROR] Failed to load resource: net::ERR_CONNECTION_REFUSED @ http://localhost:5175/:0
[ 7237055ms] [ERROR] Failed to load resource: net::ERR_CONNECTION_REFUSED @ http://localhost:5175/:0
[ 7240404ms] [ERROR] Failed to load resource: net::ERR_CONNECTION_REFUSED @ http://localhost:5175/:0
[ 7243755ms] [ERROR] Failed to load resource: net::ERR_CONNECTION_REFUSED @ http://localhost:5175/:0
[ 7247105ms] [ERROR] Failed to load resource: net::ERR_CONNECTION_REFUSED @ http://localhost:5175/:0
[ 7250454ms] [ERROR] Failed to load resource: net::ERR_CONNECTION_REFUSED @ http://localhost:5175/:0
[ 7253786ms] [ERROR] Failed to load resource: net::ERR_CONNECTION_REFUSED @ http://localhost:5175/:0
[ 7257137ms] [ERROR] Failed to load resource: net::ERR_CONNECTION_REFUSED @ http://localhost:5175/:0
[ 7260487ms] [ERROR] Failed to load resource: net::ERR_CONNECTION_REFUSED @ http://localhost:5175/:0
[ 7263809ms] [ERROR] Failed to load resource: net::ERR_CONNECTION_REFUSED @ http://localhost:5175/:0
[ 7267164ms] [ERROR] Failed to load resource: net::ERR_CONNECTION_REFUSED @ http://localhost:5175/:0
[ 7270521ms] [ERROR] Failed to load resource: net::ERR_CONNECTION_REFUSED @ http://localhost:5175/:0
[ 7273870ms] [ERROR] Failed to load resource: net::ERR_CONNECTION_REFUSED @ http://localhost:5175/:0
[ 7277224ms] [ERROR] Failed to load resource: net::ERR_CONNECTION_REFUSED @ http://localhost:5175/:0
[ 7280570ms] [ERROR] Failed to load resource: net::ERR_CONNECTION_REFUSED @ http://localhost:5175/:0
[ 7283905ms] [ERROR] Failed to load resource: net::ERR_CONNECTION_REFUSED @ http://localhost:5175/:0
[ 7287255ms] [ERROR] Failed to load resource: net::ERR_CONNECTION_REFUSED @ http://localhost:5175/:0
[ 7290620ms] [ERROR] Failed to load resource: net::ERR_CONNECTION_REFUSED @ http://localhost:5175/:0
[ 7293971ms] [ERROR] Failed to load resource: net::ERR_CONNECTION_REFUSED @ http://localhost:5175/:0
[ 7297335ms] [ERROR] Failed to load resource: net::ERR_CONNECTION_REFUSED @ http://localhost:5175/:0
[ 7300687ms] [ERROR] Failed to load resource: net::ERR_CONNECTION_REFUSED @ http://localhost:5175/:0
[ 7304052ms] [ERROR] Failed to load resource: net::ERR_CONNECTION_REFUSED @ http://localhost:5175/:0
[ 7307406ms] [ERROR] Failed to load resource: net::ERR_CONNECTION_REFUSED @ http://localhost:5175/:0
[ 7310739ms] [ERROR] Failed to load resource: net::ERR_CONNECTION_REFUSED @ http://localhost:5175/:0
[ 7314087ms] [ERROR] Failed to load resource: net::ERR_CONNECTION_REFUSED @ http://localhost:5175/:0
[ 7317433ms] [ERROR] Failed to load resource: net::ERR_CONNECTION_REFUSED @ http://localhost:5175/:0
[ 7320767ms] [ERROR] Failed to load resource: net::ERR_CONNECTION_REFUSED @ http://localhost:5175/:0
[ 7324104ms] [ERROR] Failed to load resource: net::ERR_CONNECTION_REFUSED @ http://localhost:5175/:0
[ 7327438ms] [ERROR] Failed to load resource: net::ERR_CONNECTION_REFUSED @ http://localhost:5175/:0
[ 7330804ms] [ERROR] Failed to load resource: net::ERR_CONNECTION_REFUSED @ http://localhost:5175/:0
[ 7334154ms] [ERROR] Failed to load resource: net::ERR_CONNECTION_REFUSED @ http://localhost:5175/:0
[ 7337503ms] [ERROR] Failed to load resource: net::ERR_CONNECTION_REFUSED @ http://localhost:5175/:0
[ 7340867ms] [ERROR] Failed to load resource: net::ERR_CONNECTION_REFUSED @ http://localhost:5175/:0
[ 7344219ms] [ERROR] Failed to load resource: net::ERR_CONNECTION_REFUSED @ http://localhost:5175/:0
[ 7347592ms] [ERROR] Failed to load resource: net::ERR_CONNECTION_REFUSED @ http://localhost:5175/:0
[ 7350921ms] [ERROR] Failed to load resource: net::ERR_CONNECTION_REFUSED @ http://localhost:5175/:0
[ 7354269ms] [ERROR] Failed to load resource: net::ERR_CONNECTION_REFUSED @ http://localhost:5175/:0
[ 7357604ms] [ERROR] Failed to load resource: net::ERR_CONNECTION_REFUSED @ http://localhost:5175/:0
[ 7360921ms] [ERROR] Failed to load resource: net::ERR_CONNECTION_REFUSED @ http://localhost:5175/:0
[ 7364271ms] [ERROR] Failed to load resource: net::ERR_CONNECTION_REFUSED @ http://localhost:5175/:0
[ 7367619ms] [ERROR] Failed to load resource: net::ERR_CONNECTION_REFUSED @ http://localhost:5175/:0
[ 7370970ms] [ERROR] Failed to load resource: net::ERR_CONNECTION_REFUSED @ http://localhost:5175/:0
[ 7374335ms] [ERROR] Failed to load resource: net::ERR_CONNECTION_REFUSED @ http://localhost:5175/:0
[ 7377697ms] [ERROR] Failed to load resource: net::ERR_CONNECTION_REFUSED @ http://localhost:5175/:0
[ 7381019ms] [ERROR] Failed to load resource: net::ERR_CONNECTION_REFUSED @ http://localhost:5175/:0
[ 7384357ms] [ERROR] Failed to load resource: net::ERR_CONNECTION_REFUSED @ http://localhost:5175/:0
[ 7387705ms] [ERROR] Failed to load resource: net::ERR_CONNECTION_REFUSED @ http://localhost:5175/:0
[ 7391038ms] [ERROR] Failed to load resource: net::ERR_CONNECTION_REFUSED @ http://localhost:5175/:0
[ 7394384ms] [ERROR] Failed to load resource: net::ERR_CONNECTION_REFUSED @ http://localhost:5175/:0
[ 7397745ms] [ERROR] Failed to load resource: net::ERR_CONNECTION_REFUSED @ http://localhost:5175/:0
[ 7401115ms] [ERROR] Failed to load resource: net::ERR_CONNECTION_REFUSED @ http://localhost:5175/:0
[ 7404492ms] [ERROR] Failed to load resource: net::ERR_CONNECTION_REFUSED @ http://localhost:5175/:0
[ 7407865ms] [ERROR] Failed to load resource: net::ERR_CONNECTION_REFUSED @ http://localhost:5175/:0
[ 7411235ms] [ERROR] Failed to load resource: net::ERR_CONNECTION_REFUSED @ http://localhost:5175/:0
[ 7414615ms] [ERROR] Failed to load resource: net::ERR_CONNECTION_REFUSED @ http://localhost:5175/:0
[ 7417987ms] [ERROR] Failed to load resource: net::ERR_CONNECTION_REFUSED @ http://localhost:5175/:0
[ 7421367ms] [ERROR] Failed to load resource: net::ERR_CONNECTION_REFUSED @ http://localhost:5175/:0
[ 7424745ms] [ERROR] Failed to load resource: net::ERR_CONNECTION_REFUSED @ http://localhost:5175/:0
[ 7428122ms] [ERROR] Failed to load resource: net::ERR_CONNECTION_REFUSED @ http://localhost:5175/:0
[ 7431503ms] [ERROR] Failed to load resource: net::ERR_CONNECTION_REFUSED @ http://localhost:5175/:0
[ 7434884ms] [ERROR] Failed to load resource: net::ERR_CONNECTION_REFUSED @ http://localhost:5175/:0
[ 7438236ms] [ERROR] Failed to load resource: net::ERR_CONNECTION_REFUSED @ http://localhost:5175/:0
[ 7441616ms] [ERROR] Failed to load resource: net::ERR_CONNECTION_REFUSED @ http://localhost:5175/:0
[ 7444981ms] [ERROR] Failed to load resource: net::ERR_CONNECTION_REFUSED @ http://localhost:5175/:0
[ 7448361ms] [ERROR] Failed to load resource: net::ERR_CONNECTION_REFUSED @ http://localhost:5175/:0
[ 7451739ms] [ERROR] Failed to load resource: net::ERR_CONNECTION_REFUSED @ http://localhost:5175/:0
[ 7455102ms] [ERROR] Failed to load resource: net::ERR_CONNECTION_REFUSED @ http://localhost:5175/:0
[ 7458483ms] [ERROR] Failed to load resource: net::ERR_CONNECTION_REFUSED @ http://localhost:5175/:0
[ 7461864ms] [ERROR] Failed to load resource: net::ERR_CONNECTION_REFUSED @ http://localhost:5175/:0
[ 7465228ms] [ERROR] Failed to load resource: net::ERR_CONNECTION_REFUSED @ http://localhost:5175/:0
[ 7468608ms] [ERROR] Failed to load resource: net::ERR_CONNECTION_REFUSED @ http://localhost:5175/:0
[ 7471973ms] [ERROR] Failed to load resource: net::ERR_CONNECTION_REFUSED @ http://localhost:5175/:0
[ 7475338ms] [ERROR] Failed to load resource: net::ERR_CONNECTION_REFUSED @ http://localhost:5175/:0
[ 7478718ms] [ERROR] Failed to load resource: net::ERR_CONNECTION_REFUSED @ http://localhost:5175/:0
[ 7482096ms] [ERROR] Failed to load resource: net::ERR_CONNECTION_REFUSED @ http://localhost:5175/:0
[ 7485474ms] [ERROR] Failed to load resource: net::ERR_CONNECTION_REFUSED @ http://localhost:5175/:0
[ 7488823ms] [ERROR] Failed to load resource: net::ERR_CONNECTION_REFUSED @ http://localhost:5175/:0
[ 7492197ms] [ERROR] Failed to load resource: net::ERR_CONNECTION_REFUSED @ http://localhost:5175/:0
[ 7495563ms] [ERROR] Failed to load resource: net::ERR_CONNECTION_REFUSED @ http://localhost:5175/:0
[ 7498928ms] [ERROR] Failed to load resource: net::ERR_CONNECTION_REFUSED @ http://localhost:5175/:0
[ 7502306ms] [ERROR] Failed to load resource: net::ERR_CONNECTION_REFUSED @ http://localhost:5175/:0
[ 7505684ms] [ERROR] Failed to load resource: net::ERR_CONNECTION_REFUSED @ http://localhost:5175/:0
[ 7509052ms] [ERROR] Failed to load resource: net::ERR_CONNECTION_REFUSED @ http://localhost:5175/:0
[ 7512433ms] [ERROR] Failed to load resource: net::ERR_CONNECTION_REFUSED @ http://localhost:5175/:0
[ 7515799ms] [ERROR] Failed to load resource: net::ERR_CONNECTION_REFUSED @ http://localhost:5175/:0
[ 7519179ms] [ERROR] Failed to load resource: net::ERR_CONNECTION_REFUSED @ http://localhost:5175/:0
[ 7522559ms] [ERROR] Failed to load resource: net::ERR_CONNECTION_REFUSED @ http://localhost:5175/:0
[ 7525907ms] [ERROR] Failed to load resource: net::ERR_CONNECTION_REFUSED @ http://localhost:5175/:0
[ 7529265ms] [ERROR] Failed to load resource: net::ERR_CONNECTION_REFUSED @ http://localhost:5175/:0
[ 7532630ms] [ERROR] Failed to load resource: net::ERR_CONNECTION_REFUSED @ http://localhost:5175/:0
[ 7536010ms] [ERROR] Failed to load resource: net::ERR_CONNECTION_REFUSED @ http://localhost:5175/:0
[ 7539392ms] [ERROR] Failed to load resource: net::ERR_CONNECTION_REFUSED @ http://localhost:5175/:0
[ 7542768ms] [ERROR] Failed to load resource: net::ERR_CONNECTION_REFUSED @ http://localhost:5175/:0
[ 7546147ms] [ERROR] Failed to load resource: net::ERR_CONNECTION_REFUSED @ http://localhost:5175/:0
[ 7549524ms] [ERROR] Failed to load resource: net::ERR_CONNECTION_REFUSED @ http://localhost:5175/:0
[ 7552887ms] [ERROR] Failed to load resource: net::ERR_CONNECTION_REFUSED @ http://localhost:5175/:0
[ 7556279ms] [ERROR] Failed to load resource: net::ERR_CONNECTION_REFUSED @ http://localhost:5175/:0
[ 7559648ms] [ERROR] Failed to load resource: net::ERR_CONNECTION_REFUSED @ http://localhost:5175/:0
[ 7563026ms] [ERROR] Failed to load resource: net::ERR_CONNECTION_REFUSED @ http://localhost:5175/:0
[ 7566388ms] [ERROR] Failed to load resource: net::ERR_CONNECTION_REFUSED @ http://localhost:5175/:0
[ 7569759ms] [ERROR] Failed to load resource: net::ERR_CONNECTION_REFUSED @ http://localhost:5175/:0
[ 7573124ms] [ERROR] Failed to load resource: net::ERR_CONNECTION_REFUSED @ http://localhost:5175/:0
[ 7576502ms] [ERROR] Failed to load resource: net::ERR_CONNECTION_REFUSED @ http://localhost:5175/:0
[ 7579881ms] [ERROR] Failed to load resource: net::ERR_CONNECTION_REFUSED @ http://localhost:5175/:0
[ 7583247ms] [ERROR] Failed to load resource: net::ERR_CONNECTION_REFUSED @ http://localhost:5175/:0
[ 7586595ms] [ERROR] Failed to load resource: net::ERR_CONNECTION_REFUSED @ http://localhost:5175/:0
[ 7589973ms] [ERROR] Failed to load resource: net::ERR_CONNECTION_REFUSED @ http://localhost:5175/:0
[ 7593338ms] [ERROR] Failed to load resource: net::ERR_CONNECTION_REFUSED @ http://localhost:5175/:0
[ 7596721ms] [ERROR] Failed to load resource: net::ERR_CONNECTION_REFUSED @ http://localhost:5175/:0
[ 7600103ms] [ERROR] Failed to load resource: net::ERR_CONNECTION_REFUSED @ http://localhost:5175/:0
[ 7603482ms] [ERROR] Failed to load resource: net::ERR_CONNECTION_REFUSED @ http://localhost:5175/:0
[ 7606858ms] [ERROR] Failed to load resource: net::ERR_CONNECTION_REFUSED @ http://localhost:5175/:0
[ 7610237ms] [ERROR] Failed to load resource: net::ERR_CONNECTION_REFUSED @ http://localhost:5175/:0
[ 7613614ms] [ERROR] Failed to load resource: net::ERR_CONNECTION_REFUSED @ http://localhost:5175/:0
[ 7616980ms] [ERROR] Failed to load resource: net::ERR_CONNECTION_REFUSED @ http://localhost:5175/:0
[ 7620343ms] [ERROR] Failed to load resource: net::ERR_CONNECTION_REFUSED @ http://localhost:5175/:0
[ 7623724ms] [ERROR] Failed to load resource: net::ERR_CONNECTION_REFUSED @ http://localhost:5175/:0
[ 7627103ms] [ERROR] Failed to load resource: net::ERR_CONNECTION_REFUSED @ http://localhost:5175/:0
[ 7630482ms] [ERROR] Failed to load resource: net::ERR_CONNECTION_REFUSED @ http://localhost:5175/:0
[ 7633866ms] [ERROR] Failed to load resource: net::ERR_CONNECTION_REFUSED @ http://localhost:5175/:0
[ 7637243ms] [ERROR] Failed to load resource: net::ERR_CONNECTION_REFUSED @ http://localhost:5175/:0
[ 7640603ms] [ERROR] Failed to load resource: net::ERR_CONNECTION_REFUSED @ http://localhost:5175/:0
[ 7643980ms] [ERROR] Failed to load resource: net::ERR_CONNECTION_REFUSED @ http://localhost:5175/:0
[ 7647359ms] [ERROR] Failed to load resource: net::ERR_CONNECTION_REFUSED @ http://localhost:5175/:0
[ 7650728ms] [ERROR] Failed to load resource: net::ERR_CONNECTION_REFUSED @ http://localhost:5175/:0
[ 7654095ms] [ERROR] Failed to load resource: net::ERR_CONNECTION_REFUSED @ http://localhost:5175/:0
[ 7657474ms] [ERROR] Failed to load resource: net::ERR_CONNECTION_REFUSED @ http://localhost:5175/:0
[ 7660849ms] [ERROR] Failed to load resource: net::ERR_CONNECTION_REFUSED @ http://localhost:5175/:0
[ 7664231ms] [ERROR] Failed to load resource: net::ERR_CONNECTION_REFUSED @ http://localhost:5175/:0
[ 7667609ms] [ERROR] Failed to load resource: net::ERR_CONNECTION_REFUSED @ http://localhost:5175/:0
[ 7670970ms] [ERROR] Failed to load resource: net::ERR_CONNECTION_REFUSED @ http://localhost:5175/:0
[ 7674321ms] [ERROR] Failed to load resource: net::ERR_CONNECTION_REFUSED @ http://localhost:5175/:0
[ 7677698ms] [ERROR] Failed to load resource: net::ERR_CONNECTION_REFUSED @ http://localhost:5175/:0
[ 7681075ms] [ERROR] Failed to load resource: net::ERR_CONNECTION_REFUSED @ http://localhost:5175/:0
[ 7684451ms] [ERROR] Failed to load resource: net::ERR_CONNECTION_REFUSED @ http://localhost:5175/:0
[ 7687830ms] [ERROR] Failed to load resource: net::ERR_CONNECTION_REFUSED @ http://localhost:5175/:0
[ 7691208ms] [ERROR] Failed to load resource: net::ERR_CONNECTION_REFUSED @ http://localhost:5175/:0
[ 7694588ms] [ERROR] Failed to load resource: net::ERR_CONNECTION_REFUSED @ http://localhost:5175/:0
[ 7697965ms] [ERROR] Failed to load resource: net::ERR_CONNECTION_REFUSED @ http://localhost:5175/:0
[ 7701328ms] [ERROR] Failed to load resource: net::ERR_CONNECTION_REFUSED @ http://localhost:5175/:0
[ 7704706ms] [ERROR] Failed to load resource: net::ERR_CONNECTION_REFUSED @ http://localhost:5175/:0
[ 7708067ms] [ERROR] Failed to load resource: net::ERR_CONNECTION_REFUSED @ http://localhost:5175/:0
[ 7711433ms] [ERROR] Failed to load resource: net::ERR_CONNECTION_REFUSED @ http://localhost:5175/:0
[ 7714807ms] [ERROR] Failed to load resource: net::ERR_CONNECTION_REFUSED @ http://localhost:5175/:0
[ 7718184ms] [ERROR] Failed to load resource: net::ERR_CONNECTION_REFUSED @ http://localhost:5175/:0
[ 7721563ms] [ERROR] Failed to load resource: net::ERR_CONNECTION_REFUSED @ http://localhost:5175/:0
[ 7724943ms] [ERROR] Failed to load resource: net::ERR_CONNECTION_REFUSED @ http://localhost:5175/:0
[ 7728322ms] [ERROR] Failed to load resource: net::ERR_CONNECTION_REFUSED @ http://localhost:5175/:0
[ 7731670ms] [ERROR] Failed to load resource: net::ERR_CONNECTION_REFUSED @ http://localhost:5175/:0
[ 7735004ms] [ERROR] Failed to load resource: net::ERR_CONNECTION_REFUSED @ http://localhost:5175/:0
[ 7738383ms] [ERROR] Failed to load resource: net::ERR_CONNECTION_REFUSED @ http://localhost:5175/:0
[ 7741762ms] [ERROR] Failed to load resource: net::ERR_CONNECTION_REFUSED @ http://localhost:5175/:0
[ 7745160ms] [ERROR] Failed to load resource: net::ERR_CONNECTION_REFUSED @ http://localhost:5175/:0
[ 7748539ms] [ERROR] Failed to load resource: net::ERR_CONNECTION_REFUSED @ http://localhost:5175/:0
[ 7751903ms] [ERROR] Failed to load resource: net::ERR_CONNECTION_REFUSED @ http://localhost:5175/:0
[ 7755269ms] [ERROR] Failed to load resource: net::ERR_CONNECTION_REFUSED @ http://localhost:5175/:0
[ 7758645ms] [ERROR] Failed to load resource: net::ERR_CONNECTION_REFUSED @ http://localhost:5175/:0
[ 7762021ms] [ERROR] Failed to load resource: net::ERR_CONNECTION_REFUSED @ http://localhost:5175/:0
[ 7765400ms] [ERROR] Failed to load resource: net::ERR_CONNECTION_REFUSED @ http://localhost:5175/:0
[ 7768783ms] [ERROR] Failed to load resource: net::ERR_CONNECTION_REFUSED @ http://localhost:5175/:0
[ 7772147ms] [ERROR] Failed to load resource: net::ERR_CONNECTION_REFUSED @ http://localhost:5175/:0
[ 7775527ms] [ERROR] Failed to load resource: net::ERR_CONNECTION_REFUSED @ http://localhost:5175/:0
[ 7778906ms] [ERROR] Failed to load resource: net::ERR_CONNECTION_REFUSED @ http://localhost:5175/:0
[ 7782285ms] [ERROR] Failed to load resource: net::ERR_CONNECTION_REFUSED @ http://localhost:5175/:0
[ 7785664ms] [ERROR] Failed to load resource: net::ERR_CONNECTION_REFUSED @ http://localhost:5175/:0
[ 7789048ms] [ERROR] Failed to load resource: net::ERR_CONNECTION_REFUSED @ http://localhost:5175/:0
[ 7792406ms] [ERROR] Failed to load resource: net::ERR_CONNECTION_REFUSED @ http://localhost:5175/:0
[ 7795788ms] [ERROR] Failed to load resource: net::ERR_CONNECTION_REFUSED @ http://localhost:5175/:0
[ 7799167ms] [ERROR] Failed to load resource: net::ERR_CONNECTION_REFUSED @ http://localhost:5175/:0
[ 7802545ms] [ERROR] Failed to load resource: net::ERR_CONNECTION_REFUSED @ http://localhost:5175/:0
[ 7805927ms] [ERROR] Failed to load resource: net::ERR_CONNECTION_REFUSED @ http://localhost:5175/:0
[ 7809293ms] [ERROR] Failed to load resource: net::ERR_CONNECTION_REFUSED @ http://localhost:5175/:0
[ 7812656ms] [ERROR] Failed to load resource: net::ERR_CONNECTION_REFUSED @ http://localhost:5175/:0
[ 7816036ms] [ERROR] Failed to load resource: net::ERR_CONNECTION_REFUSED @ http://localhost:5175/:0
[ 7819400ms] [ERROR] Failed to load resource: net::ERR_CONNECTION_REFUSED @ http://localhost:5175/:0
[ 7822773ms] [ERROR] Failed to load resource: net::ERR_CONNECTION_REFUSED @ http://localhost:5175/:0
[ 7826155ms] [ERROR] Failed to load resource: net::ERR_CONNECTION_REFUSED @ http://localhost:5175/:0
[ 7829519ms] [ERROR] Failed to load resource: net::ERR_CONNECTION_REFUSED @ http://localhost:5175/:0
[ 7832882ms] [ERROR] Failed to load resource: net::ERR_CONNECTION_REFUSED @ http://localhost:5175/:0
[ 7836258ms] [ERROR] Failed to load resource: net::ERR_CONNECTION_REFUSED @ http://localhost:5175/:0
[ 7839622ms] [ERROR] Failed to load resource: net::ERR_CONNECTION_REFUSED @ http://localhost:5175/:0
[ 7842987ms] [ERROR] Failed to load resource: net::ERR_CONNECTION_REFUSED @ http://localhost:5175/:0
[ 7846365ms] [ERROR] Failed to load resource: net::ERR_CONNECTION_REFUSED @ http://localhost:5175/:0
[ 7849743ms] [ERROR] Failed to load resource: net::ERR_CONNECTION_REFUSED @ http://localhost:5175/:0
[ 7853104ms] [ERROR] Failed to load resource: net::ERR_CONNECTION_REFUSED @ http://localhost:5175/:0
[ 7856468ms] [ERROR] Failed to load resource: net::ERR_CONNECTION_REFUSED @ http://localhost:5175/:0
[ 7859847ms] [ERROR] Failed to load resource: net::ERR_CONNECTION_REFUSED @ http://localhost:5175/:0
[ 7863226ms] [ERROR] Failed to load resource: net::ERR_CONNECTION_REFUSED @ http://localhost:5175/:0
[ 7866605ms] [ERROR] Failed to load resource: net::ERR_CONNECTION_REFUSED @ http://localhost:5175/:0
[ 7869971ms] [ERROR] Failed to load resource: net::ERR_CONNECTION_REFUSED @ http://localhost:5175/:0
[ 7873351ms] [ERROR] Failed to load resource: net::ERR_CONNECTION_REFUSED @ http://localhost:5175/:0
[ 7876730ms] [ERROR] Failed to load resource: net::ERR_CONNECTION_REFUSED @ http://localhost:5175/:0
[ 7880108ms] [ERROR] Failed to load resource: net::ERR_CONNECTION_REFUSED @ http://localhost:5175/:0
[ 7883487ms] [ERROR] Failed to load resource: net::ERR_CONNECTION_REFUSED @ http://localhost:5175/:0
[ 7886848ms] [ERROR] Failed to load resource: net::ERR_CONNECTION_REFUSED @ http://localhost:5175/:0
[ 7890227ms] [ERROR] Failed to load resource: net::ERR_CONNECTION_REFUSED @ http://localhost:5175/:0
[ 7893606ms] [ERROR] Failed to load resource: net::ERR_CONNECTION_REFUSED @ http://localhost:5175/:0
[ 7896988ms] [ERROR] Failed to load resource: net::ERR_CONNECTION_REFUSED @ http://localhost:5175/:0
[ 7900366ms] [ERROR] Failed to load resource: net::ERR_CONNECTION_REFUSED @ http://localhost:5175/:0
[ 7903750ms] [ERROR] Failed to load resource: net::ERR_CONNECTION_REFUSED @ http://localhost:5175/:0
[ 7907117ms] [ERROR] Failed to load resource: net::ERR_CONNECTION_REFUSED @ http://localhost:5175/:0
[ 7910493ms] [ERROR] Failed to load resource: net::ERR_CONNECTION_REFUSED @ http://localhost:5175/:0
[ 7913873ms] [ERROR] Failed to load resource: net::ERR_CONNECTION_REFUSED @ http://localhost:5175/:0
[ 7917251ms] [ERROR] Failed to load resource: net::ERR_CONNECTION_REFUSED @ http://localhost:5175/:0
[ 7920614ms] [ERROR] Failed to load resource: net::ERR_CONNECTION_REFUSED @ http://localhost:5175/:0
[ 7923995ms] [ERROR] Failed to load resource: net::ERR_CONNECTION_REFUSED @ http://localhost:5175/:0
[ 7927377ms] [ERROR] Failed to load resource: net::ERR_CONNECTION_REFUSED @ http://localhost:5175/:0
[ 7930739ms] [ERROR] Failed to load resource: net::ERR_CONNECTION_REFUSED @ http://localhost:5175/:0
[ 7934119ms] [ERROR] Failed to load resource: net::ERR_CONNECTION_REFUSED @ http://localhost:5175/:0
[ 7937495ms] [ERROR] Failed to load resource: net::ERR_CONNECTION_REFUSED @ http://localhost:5175/:0
[ 7940871ms] [ERROR] Failed to load resource: net::ERR_CONNECTION_REFUSED @ http://localhost:5175/:0
[ 7944233ms] [ERROR] Failed to load resource: net::ERR_CONNECTION_REFUSED @ http://localhost:5175/:0
[ 7947585ms] [ERROR] Failed to load resource: net::ERR_CONNECTION_REFUSED @ http://localhost:5175/:0
[ 7950962ms] [ERROR] Failed to load resource: net::ERR_CONNECTION_REFUSED @ http://localhost:5175/:0
[ 7954339ms] [ERROR] Failed to load resource: net::ERR_CONNECTION_REFUSED @ http://localhost:5175/:0
[ 7957711ms] [ERROR] Failed to load resource: net::ERR_CONNECTION_REFUSED @ http://localhost:5175/:0
[ 7961078ms] [ERROR] Failed to load resource: net::ERR_CONNECTION_REFUSED @ http://localhost:5175/:0
[ 7964458ms] [ERROR] Failed to load resource: net::ERR_CONNECTION_REFUSED @ http://localhost:5175/:0
[ 7967822ms] [ERROR] Failed to load resource: net::ERR_CONNECTION_REFUSED @ http://localhost:5175/:0
[ 7971192ms] [ERROR] Failed to load resource: net::ERR_CONNECTION_REFUSED @ http://localhost:5175/:0
[ 7974571ms] [ERROR] Failed to load resource: net::ERR_CONNECTION_REFUSED @ http://localhost:5175/:0
[ 7977937ms] [ERROR] Failed to load resource: net::ERR_CONNECTION_REFUSED @ http://localhost:5175/:0
[ 7981302ms] [ERROR] Failed to load resource: net::ERR_CONNECTION_REFUSED @ http://localhost:5175/:0
[ 7984681ms] [ERROR] Failed to load resource: net::ERR_CONNECTION_REFUSED @ http://localhost:5175/:0
[ 7988063ms] [ERROR] Failed to load resource: net::ERR_CONNECTION_REFUSED @ http://localhost:5175/:0
[ 7991443ms] [ERROR] Failed to load resource: net::ERR_CONNECTION_REFUSED @ http://localhost:5175/:0
[ 7994820ms] [ERROR] Failed to load resource: net::ERR_CONNECTION_REFUSED @ http://localhost:5175/:0
[ 7998183ms] [ERROR] Failed to load resource: net::ERR_CONNECTION_REFUSED @ http://localhost:5175/:0
[ 8001562ms] [ERROR] Failed to load resource: net::ERR_CONNECTION_REFUSED @ http://localhost:5175/:0
[ 8004925ms] [ERROR] Failed to load resource: net::ERR_CONNECTION_REFUSED @ http://localhost:5175/:0
[ 8008304ms] [ERROR] Failed to load resource: net::ERR_CONNECTION_REFUSED @ http://localhost:5175/:0
[ 8011685ms] [ERROR] Failed to load resource: net::ERR_CONNECTION_REFUSED @ http://localhost:5175/:0
[ 8015065ms] [ERROR] Failed to load resource: net::ERR_CONNECTION_REFUSED @ http://localhost:5175/:0
[ 8018445ms] [ERROR] Failed to load resource: net::ERR_CONNECTION_REFUSED @ http://localhost:5175/:0
[ 8021824ms] [ERROR] Failed to load resource: net::ERR_CONNECTION_REFUSED @ http://localhost:5175/:0
[ 8025203ms] [ERROR] Failed to load resource: net::ERR_CONNECTION_REFUSED @ http://localhost:5175/:0
[ 8028580ms] [ERROR] Failed to load resource: net::ERR_CONNECTION_REFUSED @ http://localhost:5175/:0
[ 8031955ms] [ERROR] Failed to load resource: net::ERR_CONNECTION_REFUSED @ http://localhost:5175/:0
[ 8035302ms] [ERROR] Failed to load resource: net::ERR_CONNECTION_REFUSED @ http://localhost:5175/:0
[ 8038683ms] [ERROR] Failed to load resource: net::ERR_CONNECTION_REFUSED @ http://localhost:5175/:0
[ 8042063ms] [ERROR] Failed to load resource: net::ERR_CONNECTION_REFUSED @ http://localhost:5175/:0
[ 8045444ms] [ERROR] Failed to load resource: net::ERR_CONNECTION_REFUSED @ http://localhost:5175/:0
[ 8048809ms] [ERROR] Failed to load resource: net::ERR_CONNECTION_REFUSED @ http://localhost:5175/:0
[ 8052174ms] [ERROR] Failed to load resource: net::ERR_CONNECTION_REFUSED @ http://localhost:5175/:0
[ 8055537ms] [ERROR] Failed to load resource: net::ERR_CONNECTION_REFUSED @ http://localhost:5175/:0
[ 8058918ms] [ERROR] Failed to load resource: net::ERR_CONNECTION_REFUSED @ http://localhost:5175/:0
[ 8062295ms] [ERROR] Failed to load resource: net::ERR_CONNECTION_REFUSED @ http://localhost:5175/:0
[ 8065660ms] [ERROR] Failed to load resource: net::ERR_CONNECTION_REFUSED @ http://localhost:5175/:0
[ 8069024ms] [ERROR] Failed to load resource: net::ERR_CONNECTION_REFUSED @ http://localhost:5175/:0
[ 8072389ms] [ERROR] Failed to load resource: net::ERR_CONNECTION_REFUSED @ http://localhost:5175/:0
[ 8075766ms] [ERROR] Failed to load resource: net::ERR_CONNECTION_REFUSED @ http://localhost:5175/:0
[ 8079146ms] [ERROR] Failed to load resource: net::ERR_CONNECTION_REFUSED @ http://localhost:5175/:0
[ 8082522ms] [ERROR] Failed to load resource: net::ERR_CONNECTION_REFUSED @ http://localhost:5175/:0
[ 8085885ms] [ERROR] Failed to load resource: net::ERR_CONNECTION_REFUSED @ http://localhost:5175/:0
[ 8089266ms] [ERROR] Failed to load resource: net::ERR_CONNECTION_REFUSED @ http://localhost:5175/:0
[ 8092643ms] [ERROR] Failed to load resource: net::ERR_CONNECTION_REFUSED @ http://localhost:5175/:0
[ 8096023ms] [ERROR] Failed to load resource: net::ERR_CONNECTION_REFUSED @ http://localhost:5175/:0
[ 8099383ms] [ERROR] Failed to load resource: net::ERR_CONNECTION_REFUSED @ http://localhost:5175/:0
[ 8102759ms] [ERROR] Failed to load resource: net::ERR_CONNECTION_REFUSED @ http://localhost:5175/:0
[ 8106122ms] [ERROR] Failed to load resource: net::ERR_CONNECTION_REFUSED @ http://localhost:5175/:0
[ 8109500ms] [ERROR] Failed to load resource: net::ERR_CONNECTION_REFUSED @ http://localhost:5175/:0
[ 8112865ms] [ERROR] Failed to load resource: net::ERR_CONNECTION_REFUSED @ http://localhost:5175/:0
[ 8116227ms] [ERROR] Failed to load resource: net::ERR_CONNECTION_REFUSED @ http://localhost:5175/:0
[ 8119605ms] [ERROR] Failed to load resource: net::ERR_CONNECTION_REFUSED @ http://localhost:5175/:0
[ 8122966ms] [ERROR] Failed to load resource: net::ERR_CONNECTION_REFUSED @ http://localhost:5175/:0
[ 8126349ms] [ERROR] Failed to load resource: net::ERR_CONNECTION_REFUSED @ http://localhost:5175/:0
[ 8129715ms] [ERROR] Failed to load resource: net::ERR_CONNECTION_REFUSED @ http://localhost:5175/:0
[ 8133097ms] [ERROR] Failed to load resource: net::ERR_CONNECTION_REFUSED @ http://localhost:5175/:0
[ 8136477ms] [ERROR] Failed to load resource: net::ERR_CONNECTION_REFUSED @ http://localhost:5175/:0
[ 8139856ms] [ERROR] Failed to load resource: net::ERR_CONNECTION_REFUSED @ http://localhost:5175/:0
[ 8143233ms] [ERROR] Failed to load resource: net::ERR_CONNECTION_REFUSED @ http://localhost:5175/:0
[ 8146611ms] [ERROR] Failed to load resource: net::ERR_CONNECTION_REFUSED @ http://localhost:5175/:0
[ 8149979ms] [ERROR] Failed to load resource: net::ERR_CONNECTION_REFUSED @ http://localhost:5175/:0
[ 8153354ms] [ERROR] Failed to load resource: net::ERR_CONNECTION_REFUSED @ http://localhost:5175/:0
[ 8156729ms] [ERROR] Failed to load resource: net::ERR_CONNECTION_REFUSED @ http://localhost:5175/:0
[ 8160107ms] [ERROR] Failed to load resource: net::ERR_CONNECTION_REFUSED @ http://localhost:5175/:0
[ 8163484ms] [ERROR] Failed to load resource: net::ERR_CONNECTION_REFUSED @ http://localhost:5175/:0
[ 8166847ms] [ERROR] Failed to load resource: net::ERR_CONNECTION_REFUSED @ http://localhost:5175/:0
[ 8170229ms] [ERROR] Failed to load resource: net::ERR_CONNECTION_REFUSED @ http://localhost:5175/:0
[ 8173606ms] [ERROR] Failed to load resource: net::ERR_CONNECTION_REFUSED @ http://localhost:5175/:0
[ 8176983ms] [ERROR] Failed to load resource: net::ERR_CONNECTION_REFUSED @ http://localhost:5175/:0
[ 8180359ms] [ERROR] Failed to load resource: net::ERR_CONNECTION_REFUSED @ http://localhost:5175/:0
[ 8183732ms] [ERROR] Failed to load resource: net::ERR_CONNECTION_REFUSED @ http://localhost:5175/:0
[ 8187096ms] [ERROR] Failed to load resource: net::ERR_CONNECTION_REFUSED @ http://localhost:5175/:0
[ 8190476ms] [ERROR] Failed to load resource: net::ERR_CONNECTION_REFUSED @ http://localhost:5175/:0
[ 8193840ms] [ERROR] Failed to load resource: net::ERR_CONNECTION_REFUSED @ http://localhost:5175/:0
[ 8197204ms] [ERROR] Failed to load resource: net::ERR_CONNECTION_REFUSED @ http://localhost:5175/:0
[ 8200583ms] [ERROR] Failed to load resource: net::ERR_CONNECTION_REFUSED @ http://localhost:5175/:0
[ 8203961ms] [ERROR] Failed to load resource: net::ERR_CONNECTION_REFUSED @ http://localhost:5175/:0
[ 8207343ms] [ERROR] Failed to load resource: net::ERR_CONNECTION_REFUSED @ http://localhost:5175/:0
[ 8210720ms] [ERROR] Failed to load resource: net::ERR_CONNECTION_REFUSED @ http://localhost:5175/:0
[ 8214094ms] [ERROR] Failed to load resource: net::ERR_CONNECTION_REFUSED @ http://localhost:5175/:0
[ 8217461ms] [ERROR] Failed to load resource: net::ERR_CONNECTION_REFUSED @ http://localhost:5175/:0
[ 8220822ms] [ERROR] Failed to load resource: net::ERR_CONNECTION_REFUSED @ http://localhost:5175/:0
[ 8224205ms] [ERROR] Failed to load resource: net::ERR_CONNECTION_REFUSED @ http://localhost:5175/:0
[ 8227566ms] [ERROR] Failed to load resource: net::ERR_CONNECTION_REFUSED @ http://localhost:5175/:0
[ 8230945ms] [ERROR] Failed to load resource: net::ERR_CONNECTION_REFUSED @ http://localhost:5175/:0
[ 8234320ms] [ERROR] Failed to load resource: net::ERR_CONNECTION_REFUSED @ http://localhost:5175/:0
[ 8237698ms] [ERROR] Failed to load resource: net::ERR_CONNECTION_REFUSED @ http://localhost:5175/:0
[ 8241060ms] [ERROR] Failed to load resource: net::ERR_CONNECTION_REFUSED @ http://localhost:5175/:0
[ 8244434ms] [ERROR] Failed to load resource: net::ERR_CONNECTION_REFUSED @ http://localhost:5175/:0
[ 8247814ms] [ERROR] Failed to load resource: net::ERR_CONNECTION_REFUSED @ http://localhost:5175/:0
[ 8251175ms] [ERROR] Failed to load resource: net::ERR_CONNECTION_REFUSED @ http://localhost:5175/:0
[ 8254553ms] [ERROR] Failed to load resource: net::ERR_CONNECTION_REFUSED @ http://localhost:5175/:0
[ 8257917ms] [ERROR] Failed to load resource: net::ERR_CONNECTION_REFUSED @ http://localhost:5175/:0
[ 8261295ms] [ERROR] Failed to load resource: net::ERR_CONNECTION_REFUSED @ http://localhost:5175/:0
[ 8264666ms] [ERROR] Failed to load resource: net::ERR_CONNECTION_REFUSED @ http://localhost:5175/:0
[ 8268046ms] [ERROR] Failed to load resource: net::ERR_CONNECTION_REFUSED @ http://localhost:5175/:0
[ 8271408ms] [ERROR] Failed to load resource: net::ERR_CONNECTION_REFUSED @ http://localhost:5175/:0
[ 8274785ms] [ERROR] Failed to load resource: net::ERR_CONNECTION_REFUSED @ http://localhost:5175/:0
[ 8278166ms] [ERROR] Failed to load resource: net::ERR_CONNECTION_REFUSED @ http://localhost:5175/:0
[ 8281529ms] [ERROR] Failed to load resource: net::ERR_CONNECTION_REFUSED @ http://localhost:5175/:0
[ 8284894ms] [ERROR] Failed to load resource: net::ERR_CONNECTION_REFUSED @ http://localhost:5175/:0
[ 8288271ms] [ERROR] Failed to load resource: net::ERR_CONNECTION_REFUSED @ http://localhost:5175/:0
[ 8291650ms] [ERROR] Failed to load resource: net::ERR_CONNECTION_REFUSED @ http://localhost:5175/:0
[ 8295030ms] [ERROR] Failed to load resource: net::ERR_CONNECTION_REFUSED @ http://localhost:5175/:0
[ 8298410ms] [ERROR] Failed to load resource: net::ERR_CONNECTION_REFUSED @ http://localhost:5175/:0
[ 8301790ms] [ERROR] Failed to load resource: net::ERR_CONNECTION_REFUSED @ http://localhost:5175/:0
[ 8305167ms] [ERROR] Failed to load resource: net::ERR_CONNECTION_REFUSED @ http://localhost:5175/:0
[ 8308546ms] [ERROR] Failed to load resource: net::ERR_CONNECTION_REFUSED @ http://localhost:5175/:0
[ 8311909ms] [ERROR] Failed to load resource: net::ERR_CONNECTION_REFUSED @ http://localhost:5175/:0
[ 8315290ms] [ERROR] Failed to load resource: net::ERR_CONNECTION_REFUSED @ http://localhost:5175/:0
[ 8318667ms] [ERROR] Failed to load resource: net::ERR_CONNECTION_REFUSED @ http://localhost:5175/:0
[ 8322033ms] [ERROR] Failed to load resource: net::ERR_CONNECTION_REFUSED @ http://localhost:5175/:0
[ 8325410ms] [ERROR] Failed to load resource: net::ERR_CONNECTION_REFUSED @ http://localhost:5175/:0
[ 8328774ms] [ERROR] Failed to load resource: net::ERR_CONNECTION_REFUSED @ http://localhost:5175/:0
[ 8332151ms] [ERROR] Failed to load resource: net::ERR_CONNECTION_REFUSED @ http://localhost:5175/:0
[ 8335530ms] [ERROR] Failed to load resource: net::ERR_CONNECTION_REFUSED @ http://localhost:5175/:0
[ 8338911ms] [ERROR] Failed to load resource: net::ERR_CONNECTION_REFUSED @ http://localhost:5175/:0
[ 8342288ms] [ERROR] Failed to load resource: net::ERR_CONNECTION_REFUSED @ http://localhost:5175/:0
[ 8345669ms] [ERROR] Failed to load resource: net::ERR_CONNECTION_REFUSED @ http://localhost:5175/:0
[ 8349047ms] [ERROR] Failed to load resource: net::ERR_CONNECTION_REFUSED @ http://localhost:5175/:0
[ 8352428ms] [ERROR] Failed to load resource: net::ERR_CONNECTION_REFUSED @ http://localhost:5175/:0
[ 8355805ms] [ERROR] Failed to load resource: net::ERR_CONNECTION_REFUSED @ http://localhost:5175/:0
[ 8359185ms] [ERROR] Failed to load resource: net::ERR_CONNECTION_REFUSED @ http://localhost:5175/:0
[ 8362561ms] [ERROR] Failed to load resource: net::ERR_CONNECTION_REFUSED @ http://localhost:5175/:0
[ 8365929ms] [ERROR] Failed to load resource: net::ERR_CONNECTION_REFUSED @ http://localhost:5175/:0
[ 8369307ms] [ERROR] Failed to load resource: net::ERR_CONNECTION_REFUSED @ http://localhost:5175/:0
[ 8372657ms] [ERROR] Failed to load resource: net::ERR_CONNECTION_REFUSED @ http://localhost:5175/:0
[ 8376035ms] [ERROR] Failed to load resource: net::ERR_CONNECTION_REFUSED @ http://localhost:5175/:0
[ 8379415ms] [ERROR] Failed to load resource: net::ERR_CONNECTION_REFUSED @ http://localhost:5175/:0
[ 8382797ms] [ERROR] Failed to load resource: net::ERR_CONNECTION_REFUSED @ http://localhost:5175/:0
[ 8386173ms] [ERROR] Failed to load resource: net::ERR_CONNECTION_REFUSED @ http://localhost:5175/:0
[ 8389537ms] [ERROR] Failed to load resource: net::ERR_CONNECTION_REFUSED @ http://localhost:5175/:0
[ 8392911ms] [ERROR] Failed to load resource: net::ERR_CONNECTION_REFUSED @ http://localhost:5175/:0
[ 8396294ms] [ERROR] Failed to load resource: net::ERR_CONNECTION_REFUSED @ http://localhost:5175/:0
[ 8399657ms] [ERROR] Failed to load resource: net::ERR_CONNECTION_REFUSED @ http://localhost:5175/:0
[ 8403037ms] [ERROR] Failed to load resource: net::ERR_CONNECTION_REFUSED @ http://localhost:5175/:0
[ 8406416ms] [ERROR] Failed to load resource: net::ERR_CONNECTION_REFUSED @ http://localhost:5175/:0
[ 8409794ms] [ERROR] Failed to load resource: net::ERR_CONNECTION_REFUSED @ http://localhost:5175/:0
[ 8413143ms] [ERROR] Failed to load resource: net::ERR_CONNECTION_REFUSED @ http://localhost:5175/:0
[ 8416526ms] [ERROR] Failed to load resource: net::ERR_CONNECTION_REFUSED @ http://localhost:5175/:0
[ 8419891ms] [ERROR] Failed to load resource: net::ERR_CONNECTION_REFUSED @ http://localhost:5175/:0
[ 8423266ms] [ERROR] Failed to load resource: net::ERR_CONNECTION_REFUSED @ http://localhost:5175/:0
[ 8426640ms] [ERROR] Failed to load resource: net::ERR_CONNECTION_REFUSED @ http://localhost:5175/:0
[ 8430020ms] [ERROR] Failed to load resource: net::ERR_CONNECTION_REFUSED @ http://localhost:5175/:0
[ 8433396ms] [ERROR] Failed to load resource: net::ERR_CONNECTION_REFUSED @ http://localhost:5175/:0
[ 8436779ms] [ERROR] Failed to load resource: net::ERR_CONNECTION_REFUSED @ http://localhost:5175/:0
[ 8440160ms] [ERROR] Failed to load resource: net::ERR_CONNECTION_REFUSED @ http://localhost:5175/:0
[ 8443537ms] [ERROR] Failed to load resource: net::ERR_CONNECTION_REFUSED @ http://localhost:5175/:0
[ 8446897ms] [ERROR] Failed to load resource: net::ERR_CONNECTION_REFUSED @ http://localhost:5175/:0
[ 8450272ms] [ERROR] Failed to load resource: net::ERR_CONNECTION_REFUSED @ http://localhost:5175/:0
[ 8453646ms] [ERROR] Failed to load resource: net::ERR_CONNECTION_REFUSED @ http://localhost:5175/:0
[ 8457025ms] [ERROR] Failed to load resource: net::ERR_CONNECTION_REFUSED @ http://localhost:5175/:0
[ 8460402ms] [ERROR] Failed to load resource: net::ERR_CONNECTION_REFUSED @ http://localhost:5175/:0
[ 8463779ms] [ERROR] Failed to load resource: net::ERR_CONNECTION_REFUSED @ http://localhost:5175/:0
[ 8467158ms] [ERROR] Failed to load resource: net::ERR_CONNECTION_REFUSED @ http://localhost:5175/:0
[ 8470521ms] [ERROR] Failed to load resource: net::ERR_CONNECTION_REFUSED @ http://localhost:5175/:0
[ 8473904ms] [ERROR] Failed to load resource: net::ERR_CONNECTION_REFUSED @ http://localhost:5175/:0
[ 8477284ms] [ERROR] Failed to load resource: net::ERR_CONNECTION_REFUSED @ http://localhost:5175/:0
[ 8480663ms] [ERROR] Failed to load resource: net::ERR_CONNECTION_REFUSED @ http://localhost:5175/:0
[ 8484023ms] [ERROR] Failed to load resource: net::ERR_CONNECTION_REFUSED @ http://localhost:5175/:0
[ 8487398ms] [ERROR] Failed to load resource: net::ERR_CONNECTION_REFUSED @ http://localhost:5175/:0
[ 8490768ms] [ERROR] Failed to load resource: net::ERR_CONNECTION_REFUSED @ http://localhost:5175/:0
[ 8494153ms] [ERROR] Failed to load resource: net::ERR_CONNECTION_REFUSED @ http://localhost:5175/:0
[ 8497534ms] [ERROR] Failed to load resource: net::ERR_CONNECTION_REFUSED @ http://localhost:5175/:0
[ 8500906ms] [ERROR] Failed to load resource: net::ERR_CONNECTION_REFUSED @ http://localhost:5175/:0
[ 8504290ms] [ERROR] Failed to load resource: net::ERR_CONNECTION_REFUSED @ http://localhost:5175/:0
[ 8507671ms] [ERROR] Failed to load resource: net::ERR_CONNECTION_REFUSED @ http://localhost:5175/:0
[ 8511024ms] [ERROR] Failed to load resource: net::ERR_CONNECTION_REFUSED @ http://localhost:5175/:0
[ 8514402ms] [ERROR] Failed to load resource: net::ERR_CONNECTION_REFUSED @ http://localhost:5175/:0
[ 8517785ms] [ERROR] Failed to load resource: net::ERR_CONNECTION_REFUSED @ http://localhost:5175/:0
[ 8521155ms] [ERROR] Failed to load resource: net::ERR_CONNECTION_REFUSED @ http://localhost:5175/:0
[ 8524531ms] [ERROR] Failed to load resource: net::ERR_CONNECTION_REFUSED @ http://localhost:5175/:0
[ 8527901ms] [ERROR] Failed to load resource: net::ERR_CONNECTION_REFUSED @ http://localhost:5175/:0
[ 8531276ms] [ERROR] Failed to load resource: net::ERR_CONNECTION_REFUSED @ http://localhost:5175/:0
[ 8534629ms] [ERROR] Failed to load resource: net::ERR_CONNECTION_REFUSED @ http://localhost:5175/:0
[ 8537980ms] [ERROR] Failed to load resource: net::ERR_CONNECTION_REFUSED @ http://localhost:5175/:0
[ 8541359ms] [ERROR] Failed to load resource: net::ERR_CONNECTION_REFUSED @ http://localhost:5175/:0
[ 8544732ms] [ERROR] Failed to load resource: net::ERR_CONNECTION_REFUSED @ http://localhost:5175/:0
[ 8548097ms] [ERROR] Failed to load resource: net::ERR_CONNECTION_REFUSED @ http://localhost:5175/:0
[ 8551450ms] [ERROR] Failed to load resource: net::ERR_CONNECTION_REFUSED @ http://localhost:5175/:0
[ 8554813ms] [ERROR] Failed to load resource: net::ERR_CONNECTION_REFUSED @ http://localhost:5175/:0
[ 8558196ms] [ERROR] Failed to load resource: net::ERR_CONNECTION_REFUSED @ http://localhost:5175/:0
[ 8561560ms] [ERROR] Failed to load resource: net::ERR_CONNECTION_REFUSED @ http://localhost:5175/:0
[ 8564924ms] [ERROR] Failed to load resource: net::ERR_CONNECTION_REFUSED @ http://localhost:5175/:0
[ 8568273ms] [ERROR] Failed to load resource: net::ERR_CONNECTION_REFUSED @ http://localhost:5175/:0
[ 8571624ms] [ERROR] Failed to load resource: net::ERR_CONNECTION_REFUSED @ http://localhost:5175/:0
[ 8575001ms] [ERROR] Failed to load resource: net::ERR_CONNECTION_REFUSED @ http://localhost:5175/:0
[ 8578379ms] [ERROR] Failed to load resource: net::ERR_CONNECTION_REFUSED @ http://localhost:5175/:0
[ 8581759ms] [ERROR] Failed to load resource: net::ERR_CONNECTION_REFUSED @ http://localhost:5175/:0
[ 8585137ms] [ERROR] Failed to load resource: net::ERR_CONNECTION_REFUSED @ http://localhost:5175/:0
[ 8588518ms] [ERROR] Failed to load resource: net::ERR_CONNECTION_REFUSED @ http://localhost:5175/:0
[ 8591897ms] [ERROR] Failed to load resource: net::ERR_CONNECTION_REFUSED @ http://localhost:5175/:0
[ 8595267ms] [ERROR] Failed to load resource: net::ERR_CONNECTION_REFUSED @ http://localhost:5175/:0
[ 8598631ms] [ERROR] Failed to load resource: net::ERR_CONNECTION_REFUSED @ http://localhost:5175/:0
[ 8602012ms] [ERROR] Failed to load resource: net::ERR_CONNECTION_REFUSED @ http://localhost:5175/:0
[ 8605392ms] [ERROR] Failed to load resource: net::ERR_CONNECTION_REFUSED @ http://localhost:5175/:0
[ 8608775ms] [ERROR] Failed to load resource: net::ERR_CONNECTION_REFUSED @ http://localhost:5175/:0
[ 8612140ms] [ERROR] Failed to load resource: net::ERR_CONNECTION_REFUSED @ http://localhost:5175/:0
[ 8615523ms] [ERROR] Failed to load resource: net::ERR_CONNECTION_REFUSED @ http://localhost:5175/:0
[ 8618903ms] [ERROR] Failed to load resource: net::ERR_CONNECTION_REFUSED @ http://localhost:5175/:0
[ 8622271ms] [ERROR] Failed to load resource: net::ERR_CONNECTION_REFUSED @ http://localhost:5175/:0
[ 8625637ms] [ERROR] Failed to load resource: net::ERR_CONNECTION_REFUSED @ http://localhost:5175/:0
[ 8629015ms] [ERROR] Failed to load resource: net::ERR_CONNECTION_REFUSED @ http://localhost:5175/:0
[ 8632377ms] [ERROR] Failed to load resource: net::ERR_CONNECTION_REFUSED @ http://localhost:5175/:0
[ 8635758ms] [ERROR] Failed to load resource: net::ERR_CONNECTION_REFUSED @ http://localhost:5175/:0
[ 8639102ms] [ERROR] Failed to load resource: net::ERR_CONNECTION_REFUSED @ http://localhost:5175/:0
